SYMBOL,AVG_30D_VOLUME
1018GS2026,1446.0434782608695
20MICRONS,408553.6041666667
21STCENMGM,3299.9791666666665
360ONE,975564.5625
3BBLACKBIO,13216.208333333334
3IINFOLTD,352212.8541666667
3MINDIA,4868.104166666667
3PLAND,5152.333333333333
574GS2026,467.81081081081084
577GS2030,41.666666666666664
579GS2030,31.2
585GS2030,172.0
591GS2028,10148.5
5PAISA,47458.395833333336
601GS2028,1264.0
601GS2030,8570.545454545454
603GS2029,442.3478260869565
610GS2031,67.68888888888888
613GS2028,240.75
619GS2034,160913.33333333334
622GS2035,2260.4
628GS2032,2886.8
633GS2035,489.60869565217394
636GS2031,8322.25925925926
63MOONS,147212.125
645GS2029,88900.77777777778
648GS2035,42843.756097560974
654GS2032,7230.117647058823
657GS2033,2000.0
662GS2051,4.5
664GS2027,603.4444444444445
664GS2035,61493.8
667GS2035,1.8
667GS2050,1452.4722222222222
668GS2033,1313.2857142857142
668GS2040,83874.08333333333
675GS2029,2170.5
676GS2061,25821.916666666668
679GS2027,1275000.0
679GS2031,4847.611111111111
679GS2034,10937.388888888889
679GS2034A,194.3125
68GS2060,639.3611111111111
690GS2065,50624.625
692GS2039,78.3076923076923
694GS2036,1366.8285714285714
695GS2061,1932.6521739130435
697GR2034,204.55555555555554
698GR2054,368.2352941176471
699GS2051,7393.673913043478
702GS2027,6243.846153846154
702GS2031,2914.5652173913045
704GS2029,4764.0
706GS2028,6411.0526315789475
706GS2046,2112.222222222222
709GS2054,29958.145833333332
709GS2074,23213.893617021276
710GS2029,8550.225
716GS2050,1950.2105263157894
717GS2028,123.36363636363636
717GS2030,11443.533333333333
718GS2033,13991.027777777777
718GS2037,55746.84444444445
719GS2060,637.2777777777778
71GS2034,6609.653846153846
723GS2039,9691.045454545454
724GS2055,63384.770833333336
725GR2028,99.0
725GS2063,153072.5625
726GS2029,140.42857142857142
726GS2032,6817.323529411765
726GS2033,19227.0
732GS2030,4116.333333333333
733GS2026,1158.5333333333333
734GS2064,379610.0833333333
735NABAR31,15.5
736GS2052,199.66666666666666
737GR2054,263.0
737GS2028,9915.804347826086
738GS2027,64306.583333333336
73GS2053,8612.068181818182
740IIFCL33,103.5
741GS2036,16093.625
743GS2076,16139.863636363636
746GS2073,8122.829268292683
74GS2035,1444.3529411764705
74GS2062,1297.2682926829268
750GS2056,1090.3055555555557
754GS2036,586011.5833333334
757GS2033,500494.75
759GS2029,2000000.0
75GS2034,14004.0
762GS2039,1600.0
763GS2059,195.0
771GS2066,8024.766666666666
772GS2049,67.85714285714286
772GS2055,12.333333333333334
788GS2030,1000000.0
795GS2032,516.3
817GS2044,354.0
824GS2027,1652.655172413793
826GS2027,8.4
828GS2027,1560.4285714285713
828GS2032,300.0
832GS2032,7141.666666666667
833GS2026,159.33333333333334
833GS2036,1.0
83GS2042,110.0
86GS2028,322.8
883GS2041,197.1
897GS2030,2360.1
92GS2030,18481.227272727272
A2ZINFRA,222849.45833333334
AAATECH,25245.333333333332
AADHARHFC,484794.6041666667
AAKAAR,13333.333333333334
AAKASH,173535.27083333334
AARADHYA,7365.517241379311
AAREYDRUGS,80575.77083333333
AARNAV,111135.91666666667
AARON,10773.875
AARTECH,109469.29166666667
AARTIDRUGS,152950.39583333334
AARTIIND,1353362.3541666667
AARTIPHARM,293988.3541666667
AARTISURF,9283.796610169491
AARVI,36656.458333333336
AATMAJ,8076.923076923077
AAVAS,175238.04166666666
ABAN,168417.125
ABANSENT,33626.270833333336
ABB,419844.0
ABBOTINDIA,10180.145833333334
ABCAPITAL,4628489.875
ABCOTS,131818.5625
ABDL,415854.5416666667
ABFRL,5244976.791666667
ABGSEC,264.1363636363636
ABHAPOWER,14734.883720930233
ABINFRA,2281418.0416666665
ABLBL,1902602.8958333333
ABMINTLLTD,766.5714285714286
ABMKNO,2682.6666666666665
ABREL,256081.29166666666
ABSL10BANK,63688.958333333336
ABSLAMC,424815.1666666667
ABSLBANETF,147679.10416666666
ABSLFTTJRN,198.0
ABSLLIQUID,4469.958333333333
ABSLMSCIN,7251.04255319149
ABSLNN50ET,16237.0625
ABSLPSE,249576.9375
ABSMARINE,128645.83333333333
ACC,223748.3125
ACCELYA,8142.9375
ACCENTMIC,61822.916666666664
ACCORD,6062.5
ACCPL,36700.0
ACCURACY,130838.58333333333
ACE,532195.7291666666
ACEINTEG,12245.875
ACETEC,30827.58620689655
ACI,198708.29166666666
ACL,16672.916666666668
ACMESOLAR,2525069.6041666665
ACSTECH,152531.60416666666
ACTIVEINFR,2310.0
ACUTAAS,584324.5208333334
ADANIENSOL,3667163.8958333335
ADANIENT,2842776.5
ADANIGREEN,4053991.3125
ADANIPORTS,3046500.5
ADANIPOWER,42142425.479166664
ADDICTIVE,15212.765957446809
ADFFOODS,298838.8125
ADISOFT,336416.6666666667
ADL,1222.75
ADOR,36797.020833333336
ADROITINFO,44212.416666666664
ADSL,525482.25
ADVAIT,79654.9375
ADVANCE,174000.875
ADVANIHOTR,30453.333333333332
ADVENTHTL,213334.89583333334
ADVENZYMES,388670.8333333333
AEGISLOG,3134157.5416666665
AEGISVOPAK,1058936.0
AEPL,15916.583333333334
AEQUS,5339918.458333333
AEROENTER,1254782.1458333333
AEROFLEX,3746353.6041666665
AERON,17888.88888888889
AERONEU,81285.45833333333
AESTHETIK,9129.032258064517
AETHER,397236.3125
AFCONS,1752363.3958333333
AFFLE,438994.8958333333
AFFORDABLE,13765.020833333334
AFIL,1629212.6875
AFSL,32673.020833333332
AGARIND,286243.9583333333
AGARWALEYE,92619.875
AGARWALFT,3420.0
AGARWALTUF,55425.0
AGI,244267.66666666666
AGIIL,2519776.4791666665
AGNI,11280.487804878048
AGRITECH,25024.895833333332
AGROPHOS,31671.145833333332
AGSTRA,167256.0
AGUL,8750.0
AHCL,5691642.895833333
AHLADA,12785.708333333334
AHLEAST,3775.625
AHLUCONT,41949.895833333336
AHLWEST,3850.9166666666665
AIAENG,123928.60416666667
AIIL,1352685.0208333333
AILIMITED,2931.818181818182
AIMTRON,57420.833333333336
AIRAN,80986.14583333333
AIROLAM,7810.083333333333
AISL,2690.3225806451615
AJANTPHARM,135732.70833333334
AJAXENGG,75639.22916666667
AJMERA,1108393.5416666667
AJOONI,324660.4166666667
AKANKSHA,15159.09090909091
AKASH,7195.5
AKCAPIT,557.2291666666666
AKG,19341.5625
AKI,89711.41666666667
AKIKO,14700.0
AKSHAR,1005683.75
AKSHARCHEM,15565.6875
AKSHOPTFBR,236144.83333333334
AKUMS,329744.625
ALANKIT,162164.6875
ALBERTDAVD,4243.083333333333
ALCODIS,1268.3823529411766
ALEMBICLTD,342183.3958333333
ALGOQUANT,1444965.5833333333
ALICON,14320.520833333334
ALIVUS,106591.9375
ALKALI,40765.3125
ALKEM,162386.1875
ALKYLAMINE,266932.0416666667
ALLCARGO,5041722.333333333
ALLDIGI,6976.145833333333
ALLETEC,17616.666666666668
ALLTIME,106338.27083333333
ALMONDZ,100279.08333333333
ALOKINDS,9011609.770833334
ALPA,17174.6875
ALPEXSOLAR,55820.833333333336
ALPHA,1605975.5833333333
ALPHAETF,475722.0625
ALPHAGEO,7275.229166666667
ALPL30IETF,803130.4791666666
ALUWIND,48125.0
AMAGI,309262.5625
AMANTA,298152.2083333333
AMBAAUTO,93545.45454545454
AMBALALSA,106622.625
AMBANIORGO,4375.0
AMBER,508604.0208333333
AMBEY,7833.333333333333
AMBICAAGAR,5834.520833333333
AMBIKCO,20423.479166666668
AMBUJACEM,3817234.0
AMCL,6548.837209302325
AMDIND,14080.645833333334
AMEYA,7472.222222222223
AMIABLE,6400.0
AMIRCHAND,516091.625
AMJLAND,12183.4375
AMNPLST,34686.645833333336
AMRUTANJAN,34270.291666666664
ANANDRATHI,477513.9791666667
ANANTAM,14101.083333333334
ANANTRAJ,2761863.8958333335
ANDHRAPAP,85579.0625
ANDHRSUGAR,468015.375
ANGELONE,7642852.4375
ANIKINDS,6031.583333333333
ANKITMETAL,40202.333333333336
ANLON,19075.0
ANMOL,117040.33333333333
ANNAPURNA,62088.541666666664
ANONDITA,31900.0
ANSALAPI,23191.9375
ANTELOPUS,186654.9375
ANTGRAPHIC,222410.5
ANTHEM,548297.8125
ANUHPHR,67570.16666666667
ANUP,54574.9375
ANURAS,368071.0833333333
ANYA,45512.820512820515
ANZEN,88235.29411764706
AONEGOLD,544280.4583333334
AONELIQUID,32412.583333333332
AONENIFTY,283501.8541666667
AONESILVER,832910.0208333334
AONETMMQ50,196830.91666666666
AONETOTAL,229982.52083333334
APARINDS,147459.58333333334
APCL,8246.083333333334
APCOTEXIND,188295.125
APEX,450295.1458333333
APEXECO,42550.0
APLAPOLLO,762311.6458333334
APLLTD,175112.04166666666
APOLLO,24842129.020833332
APOLLOHOSP,444713.0625
APOLLOPIPE,407268.5
APOLLOTYRE,1755983.2708333333
APOLSINHOT,1088.75
APRAMEYA,24541.666666666668
APS,22729.166666666668
APSISAERO,33875.0
APTECHT,787408.8958333334
APTUS,1427855.1458333333
AQYLON,4299021.3125
ARABIAN,6882.35294117647
ARCHIDPLY,15400.729166666666
ARCHIES,17355.708333333332
ARCIIL,14510.63829787234
ARE&M,892894.125
ARENTERP,1604.127659574468
ARFIN,2558495.0625
ARHAM,23583.333333333332
ARIES,25799.291666666668
ARIHANT,6769.604166666667
ARIHANTACA,1666.6666666666667
ARIHANTCAP,320026.6458333333
ARIHANTSUP,252302.22916666666
ARIS,1166496.7708333333
ARISTO,4400.0
ARKADE,337565.0208333333
ARMANFIN,53459.104166666664
ARMOUR,12000.0
AROGRANITE,6199.791666666667
ARROWGREEN,103341.4375
ARSHIYA,168515.29166666666
ARSSBL,335917.3333333333
ARTEMISMED,186725.58333333334
ARTNIRMAN,2315.8
ARUNAYA,105375.0
ARVEE,2781.9574468085107
ARVIND,1148261.7916666667
ARVINDFASN,405135.9375
ARVINDPORT,13968.75
ARVSMART,140472.47916666666
ASAHIINDIA,127544.5
ASAHISONG,24637.645833333332
ASAL,31859.3125
ASALCBR,28677.0625
ASCOM,3833.3333333333335
ASHALOG,6463.414634146341
ASHAPURMIN,998880.3958333334
ASHIANA,97738.0625
ASHIKA,123813.22916666667
ASHIMASYN,99576.10416666667
ASHOKA,1749088.8541666667
ASHOKAMET,19157.916666666668
ASHOKLEY,28352981.541666668
ASHWINI,39372.09302325582
ASIANENE,588521.1666666666
ASIANHOTNR,14225.354166666666
ASIANPAINT,1339777.5416666667
ASIANTILES,2697464.9583333335
ASKAUTOLTD,150538.79166666666
ASMS,720182.75
ASPINWALL,3206.5625
ASPIRE,6666.666666666667
ASTAR,171.325
ASTEC,144746.22916666666
ASTERDM,961063.4583333334
ASTRAL,656317.875
ASTRAMICRO,1292224.5833333333
ASTRAZEN,10269.125
ASTRON,24916.5625
ATALREAL,6237047.583333333
ATAM,13335.770833333334
ATCENERGY,17025.0
ATGL,9075416.416666666
ATHERENERG,4103449.4375
ATL,156932.08333333334
ATLANTAA,111747.77083333333
ATLANTAELE,111744.52083333333
ATLASCYCLE,8265.729166666666
ATLPP,6094.127659574468
ATMASTCO,41725.0
ATUL,22898.604166666668
ATULAUTO,217005.875
AUBANK,1852527.6666666667
AURIGROW,13472905.041666666
AURIONPRO,285122.9791666667
AUROIMPEX,7485.714285714285
AUROPHARMA,1365421.0
AURUM,121821.04166666667
AUSL,5100.0
AUSOMENT,9931.395833333334
AUTOAXLES,10049.25
AUTOBEES,283918.6458333333
AUTOIETF,999022.1041666666
AUTOIND,288551.9791666667
AVADHSUGAR,24316.583333333332
AVAILFC,3480.9333333333334
AVALON,696662.8125
AVANA,26133.333333333332
AVANTEL,2826080.4375
AVANTIFEED,638053.2916666666
AVATAR,7700.0
AVG,71121.20833333333
AVG-RE,45908.25
AVIANSH,3833.3333333333335
AVL,290162.6666666667
AVONMORE,186646.25
AVPINFRA,76700.0
AVROIND,253457.75
AVSL,1000.0
AVTNPL,76419.52083333333
AWFIS,400150.7291666667
AWHCL,129573.6875
AWL,3059684.2916666665
AXISBANK,7703257.666666667
AXISBNKETF,2657.25
AXISCADES,170337.0625
AXISCETF,2522.6666666666665
AXISGOLD,2141251.2291666665
AXISHCETF,7249.791666666667
AXISILVER,1045027.0
AXISNIFTY,32095.4375
AXISTECETF,46634.291666666664
AXISVALUE,162715.75
AXITA,386215.4791666667
AXSENSEX,4855.791666666667
AYE,1726910.9166666667
AYMSYNTEX,19718.645833333332
AZAD,461777.9166666667
BABAFP,21733.333333333332
BAFNAPH,18345.5625
BAGDIGITAL,22902.85714285714
BAGFILMS,86205.16666666667
BAGMANE,2613722.277777778
BAHETI,31476.5625
BAIDFIN,109610.875
BAJAJ-AUTO,457626.25
BAJAJCON,993301.4583333334
BAJAJELEC,268500.8333333333
BAJAJFINSV,1127647.75
BAJAJHCARE,202652.27083333334
BAJAJHFL,4770725.354166667
BAJAJHIND,9639669.333333334
BAJAJHLDNG,48789.25
BAJAJINDEF,45155.395833333336
BAJAJST,31138.375
BAJEL,1055757.5
BAJFINANCE,10984542.333333334
BALAJEE,32408.166666666668
BALAJIPHOS,52324.32432432433
BALAJITELE,802516.1458333334
BALAMINES,549304.375
BALAXI,35025.208333333336
BALCO,3641.3793103448274
BALKRISHNA,13292.666666666666
BALKRISIND,194038.1875
BALMLAWRIE,220927.33333333334
BALPHARMA,43920.1875
BALRAMCHIN,827141.3333333334
BALUFORGE,838069.125
BANARBEADS,3415.9166666666665
BANARISUG,601.4375
BANCOINDIA,300018.9583333333
BANDHANBNK,11255294.645833334
BANG,39766.875
BANK10ADD,2110791.4375
BANKA,8980.791666666666
BANKADD,83471.64583333333
BANKBARODA,13883850.708333334
BANKBEES,1272198.7916666667
BANKBETA,852448.1041666666
BANKBETF,40326.791666666664
BANKETF,33954.958333333336
BANKIETF,1558905.1041666667
BANKINDIA,10662079.645833334
BANKNIFTY1,1005539.625
BANKPSU,41369.604166666664
BANSALWIRE,89163.02083333333
BANSWRAS,47800.395833333336
BARFLEX,27166.666666666668
BASF,34290.770833333336
BASILIC,17106.25
BASML,176277.64583333334
BATAINDIA,531267.3333333334
BATLIBOI,36859.3125
BAWEJA,8163.636363636364
BAYERCROP,28288.75
BBETF0432,2663.8125
BBL,49380.75
BBNPNBETF,2346.0
BBNPPGOLD,29916.520833333332
BBOX,1284781.0625
BBTC,53451.8125
BBTCL,10322.958333333334
BCG,9318744.791666666
BCLIND,1578817.75
BCONCEPTS,15979.354166666666
BCPL,75099.72916666667
BDL,1595410.3333333333
BEACON,22795.454545454544
BEARDSELL,36510.166666666664
BECTORFOOD,704912.3541666666
BEDMUTHA,6900.333333333333
BEEKAY,2537.0
BEL,12739254.5625
BELLACASA,10987.166666666666
BELRISE,4386043.041666667
BEML,287551.3958333333
BENGALASM,521.8958333333334
BEPL,583823.9166666666
BERGEPAINT,1013174.8333333334
BESTAGRO,488281.8958333333
BETA,37990.479166666664
BEWLTD,26416.666666666668
BFINVEST,55173.145833333336
BFSI,430956.1666666667
BFUTILITIE,108211.8125
BGLOBAL,32483.0
BGRENERGY,101183.41666666667
BHADORA,36306.382978723406
BHAGCHEM,272405.5416666667
BHAGERIA,181040.0
BHAGYANGR,180636.0625
BHANDARI,386624.8125
BHARATCOAL,48319439.145833336
BHARATFORG,1396015.5208333333
BHARATGEAR,135270.70833333334
BHARATRAS,14579.9375
BHARATSE,236657.6875
BHARATWIRE,498425.3958333333
BHARTIARTL,10540057.229166666
BHARTIHEXA,153497.89583333334
BHEL,16424422.541666666
BI,8527.541666666666
BIGBLOC,178160.16666666666
BIKAJI,181547.35416666666
BIKEWO,48212.765957446805
BIL,3877.4583333333335
BILVYAPAR,19105.68
BIMETAL,1194.3958333333333
BIOCON,4279920.770833333
BIOFILCHEM,85885.58333333333
BIOPOL,80200.0
BIRDYS,7058.823529411765
BIRET,574402.625
BIRLACABLE,109795.45833333333
BIRLACORPN,99073.1875
BIRLAMONEY,60619.479166666664
BIRLANU,11768.854166666666
BIRLAPREC,115573.77083333333
BLACKBUCK,696727.7083333334
BLACKROSE,68069.6875
BLAL,27473.1875
BLBLIMITED,60248.291666666664
BLIL,78120.97916666667
BLISSGVS,2718807.6666666665
BLKASHYAP,741480.3541666666
BLS,1907394.125
BLSE,325133.9583333333
BLUECHIP,24216.36111111111
BLUECOAST,2211.25
BLUEDART,15326.9375
BLUEJET,756541.8541666666
BLUEPEBBLE,6417.777777777777
BLUESTARCO,523698.7916666667
BLUESTONE,451333.25
BLUEWATER,22520.833333333332
BLUSPRING,1175011.2083333333
BMETRICS,4400.0
BMLL,297260.8695652174
BMWVENTLTD,79554.08333333333
BNAGROCHEM,11468.625
BNALTD,362.575
BODALCHEM,395689.1875
BOHRAIND,11772.021276595744
BOMDYEING,1758455.875
BONLON,27230.25
BORANA,64238.270833333336
BOROLTD,98064.83333333333
BORORENEW,968789.7083333334
BOROSCI,181631.64583333334
BOSCH-HCIL,83147.64583333333
BOSCHLTD,43262.916666666664
BOSS,4800.0
BPCL,10688477.270833334
BPL,65528.0625
BRACEPORT,5211.428571428572
BRANDMAN,26583.333333333332
BRIGADE,511333.7083333333
BRIGHOTEL,94547.16666666667
BRITANNIA,502778.1875
BRNL,39843.833333333336
BROOKS,73471.04166666667
BSE,4146331.8958333335
BSE500IETF,189988.14583333334
BSHSL,7282.291666666667
BSL,16129.604166666666
BSLGOLDETF,372813.1041666667
BSLNIFTY,1224230.0625
BSLSENETFG,7643.5
BSOFT,1373916.4166666667
BTML,356061.6666666667
BTTL,28894.125
BUILDPRO,64182.791666666664
BULKCORP,4072.7272727272725
BUTTERFLY,169845.1875
BVCL,16385.854166666668
BYKE,56050.041666666664
C2C,104643.75
CADSYS,2166.6666666666665
CALSOFT,290551.9791666667
CAMLINFINE,2403012.7708333335
CAMPUS,410920.375
CAMS,1720324.9166666667
CANARYS,85191.48936170213
CANBK,28532786.291666668
CANFINHOME,168530.0
CANHLIFE,571609.6666666666
CANTABIL,179175.70833333334
CAPACITE,394749.5
CAPILLARY,301401.7916666667
CAPINVIT,312416.5833333333
CAPITALSFB,62170.854166666664
CAPLIPOINT,222238.83333333334
CAPTRUST,16577.604166666668
CARBORUNIV,462958.3125
CARERATING,66295.58333333333
CARRARO,260067.22916666666
CARTRADE,1181866.2083333333
CARYSIL,177668.0625
CASHIETF,271903.8125
CASTROLIND,1194692.8958333333
CBAZAAR,26750.0
CCAVENUE,12716233.916666666
CCCL,310952.4791666667
CCHHL,29052.1875
CCL,485533.8541666667
CDSL,2113859.3958333335
CEATLTD,164862.4375
CEDAAR,12619.047619047618
CEIGALL,821330.9166666666
CEINSYS,91126.79166666667
CELEBRITY,34609.645833333336
CELLECOR,546187.5
CELLO,264519.75
CELLPOINT,4594.285714285715
CEMPRO,2683588.75
CENTENKA,103976.16666666667
CENTEXT,114362.5625
CENTRALBK,17725935.3125
CENTRUM,424456.2916666667
CENTUM,84017.85416666667
CENTURYPLY,90450.5
CERA,30929.895833333332
CEREBRAINT,155507.5625
CESC,3134954.8541666665
CEWATER,167487.72916666666
CGCL,3517549.7708333335
CGPOWER,4234905.958333333
CGRAPHICS,56200.0
CHALET,189897.39583333334
CHAMBLFERT,1326018.8958333333
CHAMUNDA,17000.0
CHANDAN,43600.0
CHAVDA,16145.833333333334
CHEMBOND,14569.291666666666
CHEMBONDCH,20626.375
CHEMCON,229633.27083333334
CHEMFAB,9092.0
CHEMICAL,972402.6041666666
CHEMPLASTS,619648.7291666666
CHENNPETRO,1247362.8541666667
CHETANA,39018.181818181816
CHEVIOT,4299.083333333333
CHOICEGOLD,12828.791666666666
CHOICEIN,694025.5208333334
CHOLAFIN,2059212.6041666667
CHOLAHLDNG,238376.95833333334
CIEINDIA,350079.1458333333
CIFL,177310.08333333334
CIGNITITEC,214762.3076923077
CINELINE,17265.291666666668
CINEVISTA,22085.895833333332
CIPLA,1965016.1041666667
CITIUSINVT,498009.7916666667
CKKRETAIL,51336.17021276596
CLASSICEIL,12160.0
CLAYCRAFT,2364600.0
CLCIND,92.23076923076923
CLEAN,423011.5416666667
CLEANMAX,379229.0416666667
CLEDUCATE,54067.3125
CLSEL,802798.5833333334
CLSL,7037.037037037037
CMICABLES,15433.125
CMNL,15342.391304347826
CMPDI,6299818.25
CMRGREEN,7849340.230769231
CMRSL,3628.5714285714284
CMSINFO,542481.375
CNL,30770.229166666668
COALINDIA,19074877.041666668
COASTCORP,191937.39583333334
COCHINSHIP,1478851.3125
COCKERILL,30197.166666666668
COFFEEDAY,4900317.354166667
COFORGE,4196999.020833333
COHANCE,2982104.125
COLPAL,429953.3958333333
COMFINTE,521521.7291666667
COMMITTED,12483.720930232557
COMMOIETF,97553.25
COMPINFO,22881.25
COMPUSOFT,22996.145833333332
COMSYN,75368.8125
CONCOR,1654340.1875
CONCORDBIO,394380.6875
CONFIPET,3404975.0833333335
CONNPLEX,77616.66666666667
CONS,49169.645833333336
CONSOFINVT,8357.041666666666
CONSUMBEES,82724.52083333333
CONSUMER,170127.54166666666
CONSUMIETF,16445.041666666668
CONTI,10511.76923076923
CONTROLPR,21893.291666666668
COOLCAPS,94427.08333333333
CORALFINAC,12494.416666666666
CORDSCABLE,134778.04166666666
COROMANDEL,448950.8541666667
CORONA,49591.75
COSMOFIRST,137049.89583333334
COUNCODOS,38761.5625
CPCAP,55135.229166666664
CPEDU,8132.4375
CPPLUS,395627.4583333333
CPS,2968.4210526315787
CPSEETF,1461229.8541666667
CRAFTSMAN,216092.91666666666
CRAMC,388049.7291666667
CRAYONS,14675.0
CREATIVEYE,12795.270833333334
CREDITACC,614044.5833333334
CREST,19711.625
CRISIL,49770.458333333336
CRIZAC,331974.2083333333
CROMPTON,4409036.979166667
CROWN,22232.1875
CSBBANK,558493.0
CSLFINANCE,21669.979166666668
CSSL,28553.191489361703
CTE,11337.208333333334
CUB,2327906.8333333335
CUBEINVIT,358064.51612903224
CUBEXTUB,150523.0
CUDML,29340.425531914894
CUMMINSIND,518447.9583333333
CUPID,18846158.770833332
CURAA,1560.5625
CURIS,6285.714285714285
CURRENT,8400.0
CYBERMEDIA,29351.708333333332
CYBERTECH,120386.5
CYIENT,466815.9583333333
CYIENTDLM,240982.66666666666
DABUR,2655655.8125
DAICHI,10989.458333333334
DALBHARAT,383698.7083333333
DALMIASUG,183696.75
DAMCAPITAL,827210.9166666666
DAMODARIND,9848.020833333334
DANGEE,92928.5625
DANISH,46062.5
DATAMATICS,135060.27083333334
DATAPATTNS,1306295.0625
DAVANGERE,15807823.8125
DBCORP,121564.75
DBEIL,104623.3125
DBL,124677.75
DBOL,54457.083333333336
DBREALTY,2277685.6458333335
DBSTOCKBRO,16454.375
DCAL,671019.1666666666
DCBBANK,1205404.875
DCCL,13937.5
DCG,18339.130434782608
DCI,8731.5
DCM,15515.333333333334
DCMFINSERV,7983.375
DCMNVL,13376.166666666666
DCMSHRIRAM,86680.9375
DCMSIL,62167.145833333336
DCMSRIND,177711.5
DCW,1586441.1041666667
DCXINDIA,1387088.3125
DDEVPLSTIK,203291.77083333334
DECCANCE,18152.3125
DECCANTRAN,11417.142857142857
DECNGOLD,2641490.0625
DEEDEV,375292.125
DEEM,7411.764705882353
DEEPAKFERT,499034.1458333333
DEEPAKNTR,177250.77083333334
DEEPINDS,365477.0833333333
DEFENCE,239386.5
DELAPLEX,8720.93023255814
DELHIVERY,3151192.625
DELPHIFX,293285.0208333333
DELTACORP,7605446.354166667
DELTAMAGNT,4046.5833333333335
DELTIC,18914.893617021276
DEN,1205440.7916666667
DENEERS,28900.0
DENORA,14167.125
DENTA,436147.3958333333
DENTALKART,24072.916666666668
DEVIT,60337.416666666664
DEVX,89635.1875
DEVYANI,3083690.2083333335
DGCONTENT,13038.416666666666
DHAMPURSUG,828545.8333333334
DHANBANK,2242561.6041666665
DHANLAXMI,28558.13953488372
DHANSA,11647.058823529413
DHANUKA,128393.35416666667
DHARAN,28686054.72
DHARARAIL,49687.5
DHARIWAL,129255.31914893616
DHARMAJ,64003.1875
DHRUV,13280.978723404256
DHTL,2666.6666666666665
DHUNINV,796.3541666666666
DIACABS,7328504.5625
DIAMINESQ,6560.75
DIAMONDYD,79413.1875
DICIND,2370.3541666666665
DIFFNKG,156173.9375
DIGIDRIVE,39192.166666666664
DIGIKORE,91666.66666666667
DIGISPICE,68952.64583333333
DIGITIDE,347126.6666666667
DIGJAMLMTD,8438.291666666666
DIL,440033.875
DIRL,21517.241379310344
DISAQ,427.8541666666667
DISHTV,2419988.2708333335
DIVGIITTS,54334.104166666664
DIVIDEND,13086.25
DIVINEHIRA,9108.333333333334
DIVISLAB,346696.1875
DIVOPPBEES,51611.645833333336
DIVYADHAN,19941.176470588234
DIXON,627763.3958333334
DJML,348110.9583333333
DKEGL,4950.0
DLF,4144851.4583333335
DLINKINDIA,177402.4375
DMART,515195.2916666667
DMCC,84871.16666666667
DNAMEDIA,43212.25
DODLA,23426.583333333332
DOLATALGO,207471.25
DOLLAR,148059.66666666666
DOLLEX,17555.555555555555
DOLPHIN,21892.979166666668
DOMS,231314.66666666666
DONEAR,35516.145833333336
DPABHUSHAN,20474.520833333332
DPEL,44562.5
DPSCLTD,182303.77083333334
DPWIRES,41476.645833333336
DRAGARWQ,997.2291666666666
DRCSYSTEMS,56929.979166666664
DREAMFOLKS,77690.66666666667
DREDGECORP,601349.8125
DRONE,38447.916666666664
DRREDDY,2019562.2291666667
DRSDILIP,800.0
DSFCL,79492.5625
DSSL,246622.14583333334
DTIL,3763.4791666666665
DTL,5600.0
DUCOL,7773.913043478261
DUCON,328376.1875
DUGLOBAL,54107.142857142855
DURLAX,93021.27659574468
DVL,12186.625
DWARKESH,4416554.333333333
DYCL,516129.6041666667
DYNAMATECH,22503.25
DYNAMIC,13833.333333333334
DYNPRO,19348.25
E2E,935533.5833333334
E2ERAIL,89416.66666666667
EASEMYTRIP,46839892.145833336
EASTSILK,1276.2222222222222
EBANKNIFTY,37465.270833333336
EBBETF0430,19301.9375
EBBETF0431,5419.833333333333
EBBETF0433,7473.9375
EBGNG,736894.3958333334
ECAPINSURE,70309.10416666667
ECLERX,300980.125
ECOLINE,100229.16666666667
ECOSMOBLTY,289248.7083333333
EDELWEISS,6269488.166666667
EDUCOMP,66359.75
EEPL,14833.333333333334
EFACTOR,11371.42857142857
EFCIL,759627.4791666666
EFCIL-RE,265128.8
EFFWA,43500.0
EFORCE,8921.739130434782
EGOLD,268267.6458333333
EICHERMOT,508974.1666666667
EIDPARRY,393397.1041666667
EIEL,2693465.8333333335
EIFFL,63640.458333333336
EIHAHOTELS,15271.3125
EIHOTEL,182916.89583333334
EIMCOELECO,32582.791666666668
EKC,388218.1458333333
ELANTAS,1196.5416666666667
ELCIDIN,13.8125
ELDEHSG,983.3958333333334
ELECON,846579.6458333334
ELECTCAST,3360044.5833333335
ELECTHERM,116093.02083333333
ELGIEQUIP,703578.5
ELGIRUBCO,50018.5
ELGNZ,36217.391304347824
ELIN,148970.5
ELIQUID,8256.104166666666
ELITECON,2446753.2083333335
ELLEN,409770.0416666667
ELM250,424774.6875
ELPROINTL,207883.39583333334
EMAMILTD,531606.7916666666
EMAMIPAP,37645.395833333336
EMAMIREAL,23961.0
EMAPARTNER,16595.238095238095
EMBASSY,454494.9166666667
EMBDL,3674287.6363636362
EMCURE,215734.72916666666
EMIL,1452803.8333333333
EMKAY,167705.70833333334
EMKAYTOOLS,2087.5
EMMBI,29183.083333333332
EMMIL,4671.875
EMMVEE,5110868.854166667
EMPOWER,3044309.0208333335
EMSLIMITED,1214593.7291666667
EMUDHRA,87822.91666666667
EMULTIMQ,38806.583333333336
ENCOMPAS,33041.666666666664
ENDURANCE,161201.16666666666
ENERGY,634243.1458333334
ENERGYDEV,41635.333333333336
ENEXT50,2031.4814814814815
ENFUSE,4020.0
ENGINERSIN,4895448.125
ENIFTY,48889.479166666664
ENIL,17805.25
ENRIN,709637.1875
ENSER,41351.35135135135
ENTERO,157469.22916666666
ENVIRO,34812.5
EPACK,1634445.8333333333
EPACKPEB,2411077.4166666665
EPIGRAL,56095.8125
EPL,752812.0416666666
EPWINDIA,8305.263157894737
EQUAL200,48577.979166666664
EQUAL50,3802.0833333333335
EQUAL50ADD,112721.79166666667
EQUIPPP,18964.416666666668
EQUITASBNK,5467494.125
ERIS,123885.25
ESABINDIA,8525.854166666666
ESAFSFB,2321226.6041666665
ESCONET,16300.0
ESCORTS,181139.5
ESENSEX,3844.625
ESFL,10417.5
ESG,50122.166666666664
ESILVER,131588.41666666666
ESPRIT,24034.042553191488
ESSARSHPNG,367229.5
ESSEN-RE3,11613720.5
ESSENTIA,4466285.75
ESTER,128580.60416666667
ETERNAL,31039178.854166668
ETHOSLTD,22278.9375
ETL,1095.0
ETML,38053.333333333336
EUREKAFORB,176744.6875
EUROBOND,7666.229166666667
EUROPRATIK,300557.9166666667
EUROTEXIND,12126.1875
EVEREADY,220936.125
EVERESTIND,30838.854166666668
EVIETF,198219.0
EVINDIA,294375.3333333333
EXCELINDUS,9742.125
EXCELLENT,12868.08510638298
EXCELSOFT,1268990.2708333333
EXICOM,8321986.958333333
EXIDEIND,4055626.6666666665
EXIMROUTES,37838.29787234042
EXPLEOSOL,87585.83333333333
EXXARO,1451134.75
FABTECH,263999.1666666667
FACT,637528.375
FAIRCHEMOR,18286.3125
FALCONTECH,36054.545454545456
FAZE3Q,23844.083333333332
FCL,29089748.166666668
FCONSUMER,2438279.875
FCSSOFT,898755.8541666666
FDC,475649.125
FEDDERSHOL,738896.6666666666
FEDERALBNK,18109892.291666668
FEDFINA,1265563.9791666667
FEL,176635.25
FELDVR,2922.9583333333335
FELIX,61968.75
FERMENTA,42104.645833333336
FIBERWEB,36898.0625
FICRF3GP,3.7222222222222223
FIDEL,8586.95652173913
FIEMIND,57974.8125
FILATEX,1449565.8333333333
FILATFASH,29273529.958333332
FINBUD,24895.833333333332
FINCABLES,714007.625
FINEORG,13534.333333333334
FINIETF,549008.5
FINKURVE,65378.958333333336
FINOPB,680241.1666666666
FINPIPE,2113098.8125
FIRSTCRY,3099857.875
FISCHER,1083375.1875
FIVESTAR,1279905.6041666667
FLAIR,191704.25
FLEXIADD,129644.125
FLEXITUFF,25839.5625
FLFL,51270.770833333336
FLUOROCHEM,145138.52083333334
FLYSBS,39633.333333333336
FMCGADD,9706.206896551725
FMCGIETF,1328754.9791666667
FMGOETZE,52274.395833333336
FMNL,81981.72916666667
FOCE,2287.659574468085
FOCUS,122976.3125
FONEBOX,7607.142857142857
FOODSIN,82925.10416666667
FORCAS,23026.08695652174
FORCEMOT,123458.125
FORGEAUTO,7862.068965517241
FORTIS,1401683.8958333333
FOSECOIND,7350.729166666667
FRACTAL,723068.3958333334
FRESHARA,47775.0
FROG,27741.666666666668
FRONTSP,32016.333333333332
FSL,6512618.854166667
FUSION,565771.4791666666
FWSTC,8890.90909090909
GABRIEL,483193.5416666667
GAEL,1005205.6875
GAIL,10359071.604166666
GAJANAND,8129.032258064516
GALAPREC,94365.375
GALAXYSURF,15806.104166666666
GALLANTT,382966.9166666667
GANDHAR,1342317.5625
GANDHITUBE,11908.75
GANECOS,231959.89583333334
GANESHBE,624651.125
GANESHCP,97036.6875
GANESHHOU,64133.854166666664
GANESHIN,83183.33333333333
GANGABATH,30750.0
GANGAFORGE,446501.9166666667
GANGESSECU,2090.2708333333335
GARFIBRES,285540.3125
GARUDA,1403206.0625
GATECH,6685704.0625
GATECHDVR,854129.875
GATEWAY,944373.2708333334
GAUDIUMIVF,157231.25
GAYAHWS,307930.8541666667
GAYAPROJ,602032.6666666666
GCHOTELS,88825.0
GCSL,522385.7083333333
GEECEE,13109.291666666666
GEEKAYWIRE,105077.08333333333
GEMAROMA,89593.83333333333
GENCON,293187.625
GENESYS,1822446.5208333333
GENSOL,156854.23076923078
GENUSPAPER,63024.791666666664
GENUSPOWER,1017609.2291666666
GENXAI,423272.7272727273
GEOJITFSL,501458.4791666667
GESHIP,1760239.4166666667
GFLLIMITED,62225.291666666664
GFSTEELS,2964.75
GGBL,57212.5
GHCL,352276.7291666667
GHCLTEXTIL,805275.9375
GICHSGFIN,154804.125
GICL,1038999.7708333334
GICRE,1341458.3333333333
GILLANDERS,10327.458333333334
GILLETTE,33759.854166666664
GILT10BETA,2146.75
GILT5BETA,2030.2380952380952
GILT5YBEES,349891.9375
GINNIFILA,145510.375
GIPCL,418218.7083333333
GIRIRAJ,1722.2222222222222
GJL,23490.909090909092
GKENERGY,1032312.2083333334
GKSL,609313.0625
GKWLIMITED,671.6458333333334
GLAND,694629.0625
GLAXO,133772.10416666666
GLENMARK,750800.875
GLFL,3904.3333333333335
GLOBAL,129753.85416666667
GLOBALE,7053.833333333333
GLOBALPET,25875.0
GLOBALVECT,9345.520833333334
GLOBE,355641.2916666667
GLOBECIVIL,36176.270833333336
GLOBUSSPR,131214.29166666666
GLOSTERLTD,5798.729166666667
GLOTTIS,364213.3125
GMBREW,42990.645833333336
GMDCLTD,2338293.7291666665
GML,7388.888888888889
GMMPFAUDLR,168815.33333333334
GMRAIRPORT,23033114.5625
GMRP&UI,2266320.625
GNA,389091.8125
GNFC,687168.2708333334
GNRL,92908.27083333333
GOACARBON,32224.8125
GOCLCORP,174844.85416666666
GOCOLORS,1905729.9166666667
GODAVARIB,183677.79166666666
GODFRYPHLP,656742.9583333334
GODIGIT,952938.0833333334
GODREJAGRO,186264.45833333334
GODREJCP,1702281.9583333333
GODREJIND,420566.7708333333
GODREJPROP,782077.5208333334
GOKEX,709765.625
GOKUL,160532.47916666666
GOKULAGRO,647880.6875
GOLD1,2367789.1041666665
GOLD360,32977.229166666664
GOLDADD,517166.5833333333
GOLDBEES,28240688.125
GOLDBETA,645384.0625
GOLDBND,34666.958333333336
GOLDCASE,10212229.541666666
GOLDENTOBC,2214.5625
GOLDETF,1794880.8541666667
GOLDIAM,1158029.3541666667
GOLDIETF,5899241.791666667
GOLDKART,1312.5
GOLDSTAR,52250.0
GOLDTECH,64705.645833333336
GOODLUCK,225062.10416666666
GOODYEAR,7098.8125
GOPAL,153021.25
GOYALALUM,89041.45833333333
GOYALSALT,5514.285714285715
GPECO,40741.666666666664
GPIL,3212078.5416666665
GPPL,1868219.625
GPTHEALTH,123764.83333333333
GPTINFRA,413183.5416666667
GRADIENTE,505732.2195121951
GRANDOAK,64817.604166666664
GRANULES,1509070.8333333333
GRAPHISAD,8505.882352941177
GRAPHITE,1450819.3333333333
GRASIM,879851.0416666666
GRAUWEIL,353606.625
GRAVISSHO,18982.291666666668
GRAVITA,228242.29166666666
GRCL,4607.954545454545
GREAVESCOT,1771143.8333333333
GREENCHEF,15333.333333333334
GREENLAM,425740.9166666667
GREENLEAF,24104.166666666668
GREENPANEL,235801.70833333334
GREENPLY,602529.0416666666
GREENPOWER,5608160.375
GRETEX,14250.0
GRINDWELL,102657.60416666667
GRINFRA,71534.25
GRMOVER,4286396.0
GROBTEA,116.89583333333333
GROWW,46943858.270833336
GROWWCAPM,707878.5625
GROWWCHEM,111762.97916666667
GROWWDEFNC,383033.5625
GROWWEV,267645.0
GROWWGOLD,3312649.3333333335
GROWWHOSPI,220383.58333333334
GROWWLIQID,478871.6875
GROWWLOVOL,16864.291666666668
GROWWMC150,2673.7916666666665
GROWWMETAL,786920.875
GROWWMOM50,234622.5
GROWWN200,96942.60416666667
GROWWNET,265242.4583333333
GROWWNIFTY,536598.6875
GROWWNXT50,11937.5
GROWWPOWER,5826344.229166667
GROWWPSE,6142.979166666667
GROWWPSUBK,12078.270833333334
GROWWRAIL,590612.625
GROWWRLTY,253732.79166666666
GROWWSC250,187360.89583333334
GROWWSLVR,3205807.6458333335
GRPLTD,2977.9166666666665
GRSE,1456683.7708333333
GRWRHITECH,132929.04166666666
GSEC10ABSL,591.5
GSEC10IETF,10383.837837837838
GSEC10YEAR,191365.41304347827
GSEC5IETF,10566.25
GSFC,803202.7083333334
GSLSU,163832.60416666666
GSMFOILS,45906.25
GSPCROP,210809.41666666666
GSPL,1662930.4
GSS,26121.270833333332
GSTL,9400.0
GTECJAINX,37128.5625
GTL,495372.2083333333
GTLINFRA,94098282.95833333
GTPL,52146.854166666664
GUFICBIO,139189.54166666666
GUJALKALI,234492.1875
GUJAPOLLO,13662.229166666666
GUJGASLTD,760679.2083333334
GUJRAFFIA,7068.354166666667
GUJTHEM,281702.3333333333
GULFOILLUB,88576.77083333333
GULFPETRO,105060.1875
GULPOLY,604426.3958333334
GURUNANAK,17795.121951219513
GVKPIL,928348.6458333334
GVPIL,434967.7916666667
GVPTECH,58301.729166666664
GVPTECHPP,57427.791666666664
GVT&D,895436.0
HAL,1295980.9375
HALDER,12166.787234042553
HALDYNGL,128657.58333333333
HALEOSLABS,2030.9791666666667
HAPPSTMNDS,848255.7291666666
HAPPYFORGE,156934.47916666666
HARDWYN,4665766.208333333
HARIOMPIPE,475602.6458333333
HARRMALAYA,15961.229166666666
HARSHA,300704.6666666667
HATHWAY,4178735.8125
HATSUN,21663.729166666668
HAVELLS,927968.0833333334
HAVISHA,66262.54166666667
HAWKINCOOK,1140.9166666666667
HBESD,6238.083333333333
HBLENGINE,1686338.7083333333
HBSL,2745.1875
HCC,50073989.9375
HCG,177803.91666666666
HCL-INSYS,440553.8958333333
HCLTECH,3852653.8125
HDBFS,707103.5
HDFCAMC,920012.4375
HDFCBANK,39084092.5625
HDFCBSE500,233927.58333333334
HDFCGOLD,4528328.875
HDFCGROWTH,18337.0
HDFCLIFE,4437021.125
HDFCLIQUID,15438.125
HDFCLOWVOL,19450.979166666668
HDFCMID150,562792.7708333334
HDFCMOMENT,177063.0625
HDFCNEXT50,554882.4583333334
HDFCNIF100,81556.72916666667
HDFCNIFBAN,1292514.4166666667
HDFCNIFIT,262613.8541666667
HDFCNIFTY,128914.35416666667
HDFCPSUBK,50721.416666666664
HDFCPVTBAN,308138.3333333333
HDFCQUAL,9919.666666666666
HDFCSENSEX,136634.4375
HDFCSILVER,4979203.3125
HDFCSML250,2199931.4791666665
HDFCVALUE,4226.041666666667
HDIL,138269.5
HEADSUP,26545.020833333332
HEALTHADD,7264.375
HEALTHCARE,112056.70833333333
HEALTHIETF,160363.625
HEALTHX,13394.020833333334
HEALTHY,401659.7083333333
HECPROJECT,15732.5
HEG,1365596.0416666667
HEIDELBERG,110447.45833333333
HEMIPROP,1023695.4583333334
HERANBA,80746.70833333333
HERITGFOOD,292119.0
HEROMOTOCO,612556.0208333334
HESTERBIO,20110.854166666668
HEXAGON,3777289.727272727
HEXATRADEX,2977.375
HEXT,656694.3958333334
HFCL,72615934.08333333
HGINFRA,261050.375
HGM,12452.4375
HGS,57935.625
HIGREEN,31266.666666666668
HIKAL,399108.6458333333
HILINFRA,41172.645833333336
HILTON,206868.10416666666
HIMATSEIDE,1188859.7708333333
HINDALCO,6114519.5625
HINDCOMPOS,5817.520833333333
HINDCON,18627.625
HINDCOPPER,5429478.520833333
HINDOILEXP,1252717.3958333333
HINDPETRO,7624117.833333333
HINDUNILVR,2262457.3125
HINDWAREAP,636617.4166666666
HINDZINC,5316001.645833333
HIRECT,233364.125
HISARMETAL,2037.2083333333333
HITECH,878637.2083333334
HITECHCORP,53728.041666666664
HITECHGEAR,2224.4375
HLEGLAS,458776.9583333333
HLVLTD,243428.75
HMAAGRO,479612.6875
HMT,15188.020833333334
HMVL,53598.041666666664
HNDFDS,71999.0625
HNGSNGBEES,188134.35416666666
HOACFOODS,5000.0
HOLMARC,5267.441860465116
HOMEFIRST,228328.54166666666
HOMESFY,3491.6666666666665
HONASA,4385479.270833333
HONAUT,13153.291666666666
HONDAPOWER,7260.979166666667
HPAL,88534.3125
HPIL,1481.6666666666667
HPL,303214.6666666667
HPTL,5100.0
HRHNEXT,10821.42857142857
HSBCGOLD,44313.75
HSCL,13098983.979166666
HTMEDIA,81571.64583333333
HUBTOWN,717630.9166666666
HUDCO,3598494.3541666665
HUHTAMAKI,175140.625
HVAX,2679.0697674418607
HYBRIDFIN,93135.25
HYUNDAI,1884079.125
IBLFL,8780.487804878048
IBULLSLTD,11097899.5625
ICDSLTD,719.8913043478261
ICEMAKE,51560.791666666664
ICICIAMC,562780.0208333334
ICICIB22,520915.1041666667
ICICIBANK,16951537.083333332
ICICIGI,728507.6666666666
ICICIPRULI,1868640.7708333333
ICIL,1101917.8125
ICRA,9350.6875
IDBI,16213965.791666666
IDEA,769726374.3541666
IDEAFORGE,1399927.1041666667
IDEALTECHO,3640.0
IDENTICAL,14048.780487804877
IDFCFIRSTB,28166675.416666668
IDFNIFTYET,1334.7291666666667
IEML,193906.25
IEX,4963621.770833333
IF3GPD,1.0
IFBAGRO,34687.479166666664
IFBIND,196506.60416666666
IFCI,80785647.27083333
IFGLEXPOR,71236.27083333333
IGARASHI,457110.3333333333
IGCL,119519.5
IGIL,612080.75
IGL,3664623.0833333335
IGPL,42935.020833333336
IIFL,4158130.8333333335
IIFLCAPS,823601.9791666666
IITL,107679.33333333333
IKIO,761356.5625
IKS,262128.47916666666
IL&FSENGG,29881.145833333332
IL&FSTRANS,47080.083333333336
IMAGICAA,939208.5833333334
IMFA,235718.6875
IMPAL,5975.4375
IMPEXFERRO,31509.86842105263
INA,923780.0625
INCREDIBLE,7218.208333333333
INDBANK,39418.895833333336
INDGN,262023.89583333334
INDHOTEL,2411905.1458333335
INDIACEM,212473.91666666666
INDIAGLYCO,127869.16666666667
INDIAMART,87295.29166666667
INDIANB,4057906.6875
INDIANCARD,3379.4583333333335
INDIANHUME,307983.625
INDIASHLTR,113403.72916666667
INDIFRA,3600.0
INDIGO,1215798.6041666667
INDIGOPNTS,142745.27083333334
INDIGRID,735583.625
INDIQUBE,89271.25
INDNIPPON,80316.20833333333
INDOAMIN,307828.2708333333
INDOBORAX,272682.6666666667
INDOCO,599749.5416666666
INDOFARM,247763.3125
INDORAMA,267298.1666666667
INDOSTAR,207385.79166666666
INDOTECH,55770.958333333336
INDOTHAI,1057741.7083333333
INDOUS,21664.9375
INDOWIND,181743.0625
INDPRUD,43.577777777777776
INDRAMEDCO,365977.2291666667
INDSWFTLAB,1358390.1666666667
INDTERRAIN,17087.541666666668
INDUSINDBK,2155394.3125
INDUSINVIT,178007.85416666666
INDUSTOWER,6999396.8125
INFINIUM,5583.333333333333
INFLUX,53100.0
INFOBEAN,981607.125
INFOLLION,11483.333333333334
INFOMEDIA,16406.791666666668
INFRA,64649.6875
INFRABEES,11480.479166666666
INFRAIETF,131661.83333333334
INFY,15761725.791666666
INGERRAND,28737.875
INM,6981.818181818182
INNOMET,29937.5
INNOVACAP,89493.0625
INNOVANA,21164.9375
INNOVISION,81521.1875
INOXGREEN,1779594.125
INOXINDIA,451099.5833333333
INOXWIND,16863041.520833332
INSECTICID,29221.3125
INSPIRE,4347.826086956522
INSPIRISYS,24701.6875
INTEGRITY,2400.0
INTELLECT,692827.125
INTENTECH,70784.64583333333
INTERARCH,105278.77083333333
INTERNET,124393.39583333333
INTLCONV,63113.208333333336
INVENTURE,1174501.1875
INVICTA,25927.272727272728
INVPRECQ,7509.354166666667
IOB,4218961.354166667
IOC,15819031.770833334
IOLCP,4169658.375
IONEXCHANG,476070.9166666667
IPCALAB,310328.0208333333
IPHL,19591.304347826088
IPL,1116871.8958333333
IPSL,9000.0
IRB,23366487.791666668
IRBINVIT,1159335.5208333333
IRCON,2560891.9583333335
IRCTC,1067652.3333333333
IREDA,7427053.666666667
IRFC,11492667.375
IRIS,61090.3125
IRISDOREME,335442.7916666667
IRMENERGY,2315586.7708333335
ISFT,15377.916666666666
ISGEC,60732.791666666664
ISHAN,131294.11764705883
ISHANCH,17600.208333333332
IT,889307.8333333334
ITADD,190964.25
ITALIANE,7307.692307692308
ITBEES,19575835.708333332
ITBETA,1735.0
ITC,17662111.1875
ITCHOTELS,4403451.833333333
ITDC,958649.0833333334
ITETF,733006.1458333334
ITI,782208.8333333334
ITIETF,1896838.5208333333
ITTL,283.8888888888889
IVALUE,156078.10416666666
IVC,176797.77083333334
IVP,22237.4375
IVZINGOLD,70593.58333333333
IVZINNIFTY,230.6875
IWARE,17297.872340425532
IWP,7312.916666666667
IXIGO,2207618.5833333335
IZMO,121605.0
J&KBANK,4272252.833333333
JAGRAN,776305.5625
JAGSNPHARM,128627.70833333333
JAIBALAJI,1395821.8125
JAICORPLTD,550807.625
JAINAM,4430.555555555556
JAINIK,17029.787234042553
JAINREC,4387194.1875
JAIPURKURT,14527.75
JALAN,15529.411764705883
JAMNAAUTO,2700645.25
JARO,340084.5833333333
JASH,207822.91666666666
JAYAGROGN,13181.729166666666
JAYBARMARU,1871201.4583333333
JAYBEE,40531.25
JAYESH,31828.571428571428
JAYKAY,420599.9375
JAYNECOIND,4974832.375
JAYSREETEA,40736.541666666664
JBCHEPHARM,275649.9583333333
JBMA,1963322.7708333333
JETFREIGHT,288666.7916666667
JETKNIT,750.0
JEYYAM,18347.82608695652
JFLLIFE,18000.0
JGCHEM,115986.58333333333
JHS,76866.9375
JINDALPHOT,10244.291666666666
JINDALPOLY,40789.833333333336
JINDALSAW,2533332.3958333335
JINDALSTEL,1280646.8958333333
JINDRILL,3004906.6875
JINDWORLD,5817385.6875
JIOFIN,13757207.479166666
JISLDVREQS,34295.458333333336
JISLJALEQS,4869523.916666667
JITFINFRA,18972.75
JIWANRAM,30363.636363636364
JKCEMENT,86849.16666666667
JKIL,90922.875
JKIPL,35446.75
JKLAKSHMI,163541.25
JKPAPER,352487.0416666667
JKTYRE,1601889.4375
JLHL,51041.375
JMA,16277.979166666666
JMFINANCIL,2973370.8333333335
JNKINDIA,1470725.7708333333
JOCIL,16114.6875
JPOLYINVST,14214.729166666666
JPPOWER,206393542.60416666
JSFB,718451.5
JSL,674841.375
JSLL,2476495.9166666665
JSWCEMENT,8244810.5
JSWDULUX,38534.979166666664
JSWENERGY,3786887.9583333335
JSWHL,3819.5
JSWINFRA,3505989.1458333335
JSWSTEEL,1693993.4583333333
JTEKTINDIA,235434.39583333334
JTLIND,3860534.4583333335
JUBLCPL,7567.625
JUBLFOOD,4433556.208333333
JUBLINGREA,282150.3333333333
JUBLPHARMA,121124.8125
JUNIORBEES,421712.7708333333
JUNIPER,155213.47916666666
JUSTDIAL,134903.79166666666
JWL,2163564.7291666665
JYOTHYLAB,857893.0625
JYOTICNC,1998603.75
JYOTIGLOBL,19043.478260869564
JYOTISTRUC,9680795.729166666
K2INFRA,51287.5
KABRAEXTRU,20442.895833333332
KAJARIACER,337195.3333333333
KAKATCEM,2503.2291666666665
KALAMANDIR,899599.5
KALANA,7611.111111111111
KALPATARU,198002.47916666666
KALYANIFRG,1095.4583333333333
KALYANKJIL,10284101.5
KAMAHOLD,3784.2083333333335
KAMATHOTEL,69080.41666666667
KAMDHENU,1833858.3333333333
KAMOPAINTS,265997.125
KANANIIND,156604.375
KANCHI,1231.375
KANDARP,57681.818181818184
KANORICHEM,37615.5625
KANPRPLA,19199.916666666668
KANSAINER,677059.9166666666
KAPSTON,19638.520833333332
KARMAENG,5692.333333333333
KARNIKA,26857.14285714286
KARURVYSYA,3041696.0
KATARIA,7865.217391304348
KAUSHALYA,109.39583333333333
KAVDEFENCE,125628.0
KAYA,18363.458333333332
KAYNES,1661842.3125
KAYTEX,7600.0
KCEIL,32770.833333333336
KCK,262500.0
KCP,171278.39583333334
KCPSUGIND,226377.66666666666
KDDL,64407.5
KDL,27175.0
KEC,1263936.1458333333
KECL,66041.39583333333
KEEPLEARN,69821.14583333333
KEI,392810.3541666667
KEL,9821.052631578947
KELLTONTEC,3199363.3125
KEN,18740.425531914894
KENNAMET,16915.791666666668
KERNEX,426292.3541666667
KESORAMIND,1801776.625
KEYFINSERV,2150.25
KFINTECH,1579725.0416666667
KHADIM,97730.35416666667
KHAICHEM,69928.0
KHAITANLTD,2335.3541666666665
KHANDSE,7054.3125
KHFM,15306.25
KICL,1815.75
KILITCH,145942.8125
KIMS,656278.0833333334
KINGFA,9490.395833333334
KIOCL,260413.8125
KIRANVYPAR,9563.488888888889
KIRIINDUS,221252.16666666666
KIRLFER,274568.3333333333
KIRLOSBROS,194025.54166666666
KIRLOSENG,807977.7708333334
KIRLOSIND,37623.4375
KIRLPNU,231096.0
KISSHT,7479873.243902439
KITEX,1059117.0833333333
KKCL,29336.666666666668
KKJEWELS,14977.777777777777
KKVAPOW,171.0
KLBRENG-B,60604.4375
KLL,19913.043478260868
KMEW,166758.16666666666
KMSUGAR,182143.0625
KNAGRI,20424.479166666668
KNRCON,1978980.4375
KODYTECH,8704.166666666666
KOHINOOR,88321.5
KOKUYOCMLN,39139.5625
KOLTEPATIL,49470.104166666664
KONSTELEC,5466.666666666667
KONTOR,11715.78947368421
KOPRAN,885889.8541666666
KORE,4535.714285714285
KOTAKBANK,17893795.229166668
KOTARISUG,59046.4375
KOTHARIPET,81720.3125
KOTHARIPRO,11104.395833333334
KOTIC,7262.791666666667
KOTYARK,65133.041666666664
KOVAI,5528.75
KPEL,459298.1875
KPIGREEN,1115614.9583333333
KPIL,286594.9375
KPITTECH,2134557.0833333335
KPL,43466.854166666664
KPRMILL,752828.8333333334
KRBL,549335.1666666666
KREBSBIO,7806.291666666667
KRIDHANINF,67272.3125
KRISHANA,314057.6666666667
KRISHCA,27260.416666666668
KRISHIVAL,6102.75
KRISHNADEF,173459.47916666666
KRISHPP,13264.8125
KRITI,44530.458333333336
KRITIKA,150990.97916666666
KRITINUT,15819.520833333334
KRMAYURVED,77270.83333333333
KRN,347050.25
KRONOX,77405.29166666667
KROSS,1084017.75
KRSNAA,83592.77083333333
KRT,916017.7708333334
KRYSTAL,33798.0625
KSB,242004.8125
KSCL,259755.95833333334
KSHINTL,598107.9791666666
KSHITIJPOL,2855929.9791666665
KSL,55072.583333333336
KSOLVES,85609.85416666667
KSR,27956.208333333332
KTKBANK,2666659.4583333335
KUANTUM,82414.45833333333
KWIL,17891844.645833332
LAGNAM,13414.083333333334
LAHOTIOV,41200.854166666664
LAKPRE,2803.717391304348
LAKSHYA,6451.063829787234
LAL,86493.125
LALPATHLAB,696823.1666666666
LAMBODHARA,37511.791666666664
LAMOSAIC,126965.21739130435
LANCORHOL,60894.166666666664
LANDMARK,197354.54166666666
LANDSMILL,3729140.3541666665
LAOPALA,96496.89583333333
LASA,25614.25
LATENTVIEW,1242996.8125
LATTEYS,113286.91666666667
LAURUSLABS,2171566.2291666665
LAXMICOT,13035.4375
LAXMIDENTL,510281.0416666667
LAXMIINDIA,163781.85416666666
LCCINFOTEC,40495.916666666664
LEMERITE,1169777.3958333333
LEMONTREE,3465614.2708333335
LENSKART,9204125.8125
LEXUS,40254.0625
LFIC,5282.354166666667
LGBBROSLTD,33589.166666666664
LGEINDIA,892202.0416666666
LGHL,29680.125
LIBAS,31017.5625
LIBERTSHOE,26868.375
LICHSGFIN,1604859.125
LICI,4045863.8958333335
LICMFGOLD,126036.16666666667
LICNETFGSC,57570.4375
LICNETFN50,858.2083333333334
LICNETFSEN,139.7111111111111
LICNFNHGP,477.3958333333333
LICNMID100,6000.979166666667
LIKHITHA,44596.25
LINC,63285.041666666664
LINCOLN,119494.20833333333
LINDEINDIA,44210.875
LIQGRWBEES,49028.479166666664
LIQUID,235542.66666666666
LIQUID1,848843.9791666666
LIQUIDADD,424445.1458333333
LIQUIDBEES,3142567.9791666665
LIQUIDBETF,297250.1041666667
LIQUIDCASE,17675116.833333332
LIQUIDETF,200481.58333333334
LIQUIDIETF,540433.6458333334
LIQUIDPLUS,350339.4583333333
LIQUIDSBI,12209.520833333334
LIQUIDSHRI,8029.208333333333
LLOYDS,25625.0
LLOYDSENGG,19396407.041666668
LLOYDSENT,3838101.6041666665
LLOYDSME,556629.1041666666
LMW,3401.7291666666665
LODHA,2257456.875
LOKESHMACH,23740.729166666668
LORDSCHLO,14949.520833333334
LOTUSDEV,534829.1458333334
LOTUSEYE,34577.125
LOVABLE,14434.416666666666
LOWVOL,1189.9782608695652
LOWVOL1,700236.1666666666
LOWVOLIETF,2127679.4583333335
LOYALTEX,288.1463414634146
LPDC,36005.25
LRRPL,18586.956521739132
LT,2276045.75
LTF,5021252.395833333
LTFOODS,462734.6875
LTGILTBEES,1612360.6875
LTGILTCASE,187649.9375
LTM,489047.7291666667
LTTS,105592.08333333333
LUMAXIND,23003.583333333332
LUMAXTECH,210430.02083333334
LUPIN,1272765.3958333333
LUXIND,73997.6875
LXCHEM,1983569.8333333333
LYKALABS,54806.645833333336
LYPSAGEMS,28842.395833333332
M&M,3284176.4166666665
M&MFIN,2210019.1147540985
MAANALU,93691.89583333333
MACOBSTECH,64024.242424242424
MACPOWER,41974.3125
MADHAV,3589.25
MADHAVBAUG,15730.434782608696
MADHAVIPL,170838.0
MADHUCON,46622.0625
MADHUSUDAN,29531.91489361702
MADRASFERT,135163.72916666666
MAFANG,228914.9375
MAFATIND,66819.64583333333
MAGADSUGAR,17162.479166666668
MAGNUM,34392.979166666664
MAGSON,24529.41176470588
MAHABANK,16199315.083333334
MAHAPEXLTD,17168.0625
MAHASTEEL,3709.25
MAHEPC,47118.604166666664
MAHESHWARI,33926.770833333336
MAHICKRA,3675.0
MAHKTECH,567634.5625
MAHLIFE,172622.1875
MAHLOG,156918.0
MAHSCOOTER,5303.541666666667
MAHSEAMLES,116617.95833333333
MAITHANALL,76189.27083333333
MAITREYA,5210.0
MAJESAUT,2219.6041666666665
MAKEINDIA,50440.520833333336
MAKS,4636.363636363636
MAL,21852.63157894737
MALLCOM,5582.958333333333
MALUPAPER,8962.75
MAMATA,99908.8125
MANAKALUCO,152512.89583333334
MANAKCOAT,248358.16666666666
MANAKSIA,22970.125
MANAKSTEEL,28925.625
MANALIPETC,1597753.5416666667
MANAPPURAM,3599126.0
MANAV,11703.703703703704
MANBA,95473.0625
MANCREDIT,245929.22916666666
MANDEEP,8173.913043478261
MANGALAM,23559.645833333332
MANGLMCEM,83785.54166666667
MANILAM,20000.0
MANINDS,1086736.3958333333
MANINFRA,2581708.7083333335
MANKIND,707205.6041666666
MANOMAY,69881.0625
MANORAMA,191352.66666666666
MANORG,15357.75
MANUFGBEES,7281.0625
MANUGRAPH,26039.770833333332
MANYAVAR,223608.1875
MAPMYINDIA,446485.0416666667
MARALOVER,35106.729166666664
MARATHON,71365.22916666667
MARC,13227.906976744185
MARCO,7943.181818181818
MARICO,2016023.4166666667
MARINE,974424.3958333334
MARINETRAN,6769.2307692307695
MARKOLINES,477598.0416666667
MARKSANS,3976059.0416666665
MARSONS,2258660.8958333335
MARUSHIKA,11156.756756756757
MARUTI,432640.0416666667
MASFIN,207685.54166666666
MASKINVEST,364.59574468085106
MASON,11166.666666666666
MASPTOP50,166215.89583333334
MASTEK,52990.1875
MASTER,1600.0
MASTERTR,1846928.0833333333
MATRIMONY,19303.895833333332
MAWANASUG,195640.0625
MAXESTATES,62678.625
MAXHEALTH,3180085.375
MAXIND,79836.02083333333
MAXPOSURE,14425.0
MAXVOLT,59900.0
MAYASHEEL,18000.0
MAYURUNIQ,368414.9583333333
MAZDA,29383.25
MAZDOCK,1040237.3958333334
MBAPL,196444.72916666666
MBEL,166249.41666666666
MBLINFRA,101049.16666666667
MCCHRLS-B,241.5625
MCL,41575.229166666664
MCLEODRUSS,426367.0416666667
MCLOUD,8668173.666666666
MCON,15521.739130434782
MCX,3632025.5833333335
MDL,10761.904761904761
MEDANTA,293182.25
MEDIASSIST,167996.79166666666
MEDICAMEQ,28874.041666666668
MEDICO,283921.8333333333
MEDIORG,16744.18604651163
MEDISTEP,15307.692307692309
MEDPLUS,224193.89583333334
MEESHO,43730330.541666664
MEGAFLEX,1100.0
MEGASTAR,54470.020833333336
MEGATHERM,24866.666666666668
MEIL,37616.291666666664
MENNPIS,57283.166666666664
MENONBE,320773.3125
MEP,115250.64583333333
MERCANTILE,16759.208333333332
MERCURYEV,33091.25
METAL,4080932.6875
METALIETF,12943102.604166666
METROBRAND,39098.791666666664
METROGLOBL,1172.3333333333333
METROPOLIS,687071.6041666666
MFML,4280.0625
MFSL,620964.4583333334
MGEL,494302.3541666667
MGL,244244.08333333334
MGSL,17004.255319148935
MHHL,11000.0
MHLXMIRU,19879.166666666668
MHRIL,489509.9375
MICEL,1987918.25
MICROPRO,4945.454545454545
MID150,65996.45833333333
MID150BEES,935831.8541666666
MID150CASE,1911982.5208333333
MIDCAP,491950.1041666667
MIDCAPADD,19945.395833333332
MIDCAPBETA,3209.9166666666665
MIDCAPETF,3142264.25
MIDCAPIETF,1366703.8541666667
MIDHANI,1558712.1458333333
MIDQ50ADD,8062.479166666667
MIDSELIETF,340210.0416666667
MIDSMALL,409538.1666666667
MIDWESTLTD,34777.208333333336
MIEL,11565.217391304348
MILTON,23692.30769230769
MINDACORP,711690.1041666666
MINDSPACE,279386.1666666667
MINDTECK,122303.58333333333
MIRCELECTR,3375433.581395349
MIRZAINT,119051.91666666667
MITCON,12532.958333333334
MITTAL,1026407.8125
MKPL,175230.64583333334
MMEL,8666.666666666666
MMFL,83847.08333333333
MMP,54455.604166666664
MMTC,11155549.1875
MMWL,187733.22916666666
MNC,117401.625
MOALPHA50,10242.208333333334
MOBANK10,13378.625
MOBIKWIK,2493802.7708333335
MOBILISE,30506.666666666668
MOCAPITAL,1181418.0
MODEFENCE,2526185.3958333335
MODINATUR,19951.4375
MODIRUBBER,7908.875
MODIS,63989.5
MODISONLTD,349220.5208333333
MODTHREAD,1415.4782608695652
MOENERGY,302796.3333333333
MOGOLD,129494.70833333333
MOGSEC,52125.9375
MOHEALTH,106135.77083333333
MOHITIND,22225.416666666668
MOIL,656642.375
MOINFRA,7039.833333333333
MOIPO,5607.791666666667
MOKSH,118692.41666666667
MOL,1562108.3333333333
MOLDTECH,56640.645833333336
MOLDTKPAC,191662.97916666666
MOLOWVOL,168365.45833333334
MOM100,560150.9791666666
MOM30IETF,1407912.7708333333
MOM50,40791.25
MOMENTUM,102027.66666666667
MOMENTUM30,75261.75
MOMENTUM50,662000.3541666666
MOMGF,1191.2916666666667
MOMIDMTM,101866.64583333333
MOMNC,5561.958333333333
MOMOMENTUM,175413.89583333334
MON100,754844.6875
MON50EQUAL,15083.375
MONARCH,177649.6875
MONEXT50,74178.39583333333
MONEYBOXX,42941.4375
MONIFTY100,36105.666666666664
MONIFTY500,1948766.6458333333
MONOLITH,46223.958333333336
MONOPHARMA,10214.285714285714
MONQ50,75108.47916666667
MONTECARLO,37021.416666666664
MOPSE,1846.5208333333333
MOQUALITY,9945.625
MORARJEE,9164.815789473685
MOREALTY,964515.1666666666
MOREPENLAB,8464802.375
MOS,1384166.6666666667
MOSCHIP,3142655.25
MOSERVICE,5113.729166666667
MOSILVER,115916.60416666667
MOSMALL250,2165642.9583333335
MOTHERSON,24390900.291666668
MOTILALOFS,1299863.25
MOTISONS,24570809.208333332
MOTOGENFIN,47267.6875
MOTOUR,72631.08333333333
MOVALUE,133063.64583333334
MOXSH,6400.0
MPEL,20520.0
MPHASIS,631094.6041666666
MPSLTD,26635.875
MPTODAY,6833.333333333333
MRF,7033.541666666667
MRIL,16088.888888888889
MRPL,8889924.291666666
MSCI360,5649.391304347826
MSCIADD,5333.829787234043
MSCIINDIA,101526.91666666667
MSPL,3054007.4791666665
MSTCLTD,1550201.625
MSUMI,9390815.854166666
MTARTECH,2225604.3125
MTEDUCARE,35717.333333333336
MTNL,1830043.7291666667
MUFIN,1771387.1666666667
MUFTI,304588.7291666667
MUKANDLTD,286095.7083333333
MUKKA,289744.1458333333
MUKTAARTS,16502.395833333332
MULTICAP,308395.5833333333
MUNISH,52672.34042553192
MUNJALAU,537147.7083333334
MUNJALSHOW,46860.166666666664
MURUDCERA,31779.333333333332
MUTHOOTCAP,28940.0625
MUTHOOTFIN,893425.6875
MUTHOOTMF,456640.0625
MVGJL,64482.625
MVKAGRO,15687.5
MWL,80835.91666666667
MYMUDRA,57175.0
NACLIND,1192682.4583333333
NAGAFERT,203626.92592592593
NAGREEKCAP,16054.041666666666
NAGREEKEXP,10685.270833333334
NAHARCAP,5130.291666666667
NAHARINDUS,24804.395833333332
NAHARPOLY,16966.395833333332
NAHARSPING,14019.916666666666
NAM-INDIA,1129439.9375
NAMAN,6695.652173913043
NAMOEWASTE,77150.0
NARMADA,932914.8125
NATCAPSUQ,7542.729166666667
NATCOPHARM,902372.9791666666
NATHBIOGEN,66652.0625
NATIONALUM,14172645.416666666
NATIONSTD,100.1063829787234
NAUKRI,2518696.1875
NAVA,582018.8333333334
NAVINFLUOR,303824.0208333333
NAVKARCORP,737425.2708333334
NAVKARURB,1618507.9583333333
NAVNETEDUL,162715.6875
NAZARA,4402597.083333333
NBCC,18727043.666666668
NBIFIN,374.4375
NCC,2299600.875
NCLIND,92028.10416666667
NDGL,183.60416666666666
NDL,1080086.0208333333
NDLVENTURE,25781.479166666668
NDRAUTO,39252.895833333336
NDRINVIT,233000.0
NDTV,757430.8541666666
NEAGI,33.3448275862069
NECCLTD,111165.60416666667
NECLIFE,302782.75
NEELAM,33111.11111111111
NELCAST,284296.7916666667
NELCO,595886.0833333334
NEOCHEM,40125.0
NEOGEN,107047.60416666667
NEPHROCARE,16116.666666666666
NEPHROPLUS,280578.5416666667
NEPTUNE,3880.9523809523807
NESCO,48231.520833333336
NESTLEIND,2215583.5
NETF,4131.645833333333
NETWEB,2323180.75
NETWORK18,11415846.520833334
NEUEON,27955.076923076922
NEULANDLAB,65283.291666666664
NEWGEN,2944311.3958333335
NEWJAISA,32445.652173913044
NEXT30ADD,7594.916666666667
NEXT50,48469.791666666664
NEXT50ADD,8603.041666666666
NEXT50BETA,349697.5833333333
NEXT50ETF,36499.520833333336
NEXT50IETF,1163850.6041666667
NEXTMEDIA,21347.979166666668
NFL,1448015.6875
NFPSAMPOOR,136461.53846153847
NGIL,28468.5
NGLFINE,27890.833333333332
NH,359440.8333333333
NHIT,135833.33333333334
NHPC,30051306.0625
NIACL,9864251.645833334
NIBE,335131.7291666667
NIBL,36097.708333333336
NIDAN,8173.913043478261
NIF100BEES,56437.166666666664
NIF100IETF,248174.5
NIFTY1,176779.10416666666
NIFTY100EW,139957.79166666666
NIFTYADD,43954.583333333336
NIFTYBEES,8244193.1875
NIFTYBETA,106758.3125
NIFTYBETF,22774.083333333332
NIFTYCASE,1254503.6041666667
NIFTYETF,249332.875
NIFTYIETF,830259.0
NIFTYQLITY,47635.0
NIITLTD,2888039.0416666665
NIITMTS,513963.3333333333
NIKITA,66218.18181818182
NILAINFRA,276304.8333333333
NILASPACES,622385.7916666666
NILE,3720.9791666666665
NILKAMAL,8023.854166666667
NIMBSPROJ,84476.0
NINSYS,8098.520833333333
NIPPOBATRY,18540.833333333332
NIRAJ,73752.875
NIRAJISPAT,175.08695652173913
NIRLON,11067.458333333334
NIRMAN,20893.75
NITCO,1665506.5416666667
NITINSPIN,227132.22916666666
NITIRAJ,6217.0
NITTAGELA,20851.395833333332
NIVABUPA,3224052.4166666665
NKIND,1054.9166666666667
NLCINDIA,8616509.416666666
NMDC,27056375.625
NMSTEEL,5042.424242424242
NOCIL,1398944.75
NOIDATOLL,794493.3958333334
NORBTEAEXP,5619.0
NORTHARC,825066.4375
NOVAAGRI,83162.58333333333
NOVARTIND,34996.208333333336
NPBET,4978.333333333333
NPST,55020.604166666664
NRAIL,4730.145833333333
NRBBEARING,1380713.5625
NRL,159188.45833333334
NRVANDANA,137617.02127659574
NSIL,2041.4375
NSLNISP,10821721.75
NTPC,11249585.25
NTPCGREEN,5319119.666666667
NUCLEUS,103583.70833333333
NURECA,12593.729166666666
NUVAMA,739833.9583333334
NUVOCO,665660.5833333334
NV20,91362.75
NV20BEES,18864.041666666668
NV20IETF,644008.1875
NXST,363836.2708333333
NXT-INFRA,720000.0
NYKAA,7619988.645833333
OAL,16445.5
OBCL,13492.541666666666
OBEROIRLTY,439075.9375
OBSCP,71858.33333333333
OCCLLTD,301752.625
ODIGMA,50346.791666666664
OFSS,283523.8958333333
OIL,5170900.770833333
OILCOUNTUB,42307.291666666664
OILIETF,3009727.9791666665
OLAELEC,137069055.20833334
OLECTRA,1106618.8541666667
OLIL,12675.0
OMAXAUTO,247744.72916666666
OMAXE,277083.2291666667
OMFREIGHT,50834.1875
OMFURN,5400.0
OMINFRAL,92474.91666666667
OMNI,692904.4791666666
OMPOWER,393993.8958333333
ONDOOR,28059.574468085106
ONELIFECAP,115444.64583333333
ONEPOINT,2097200.1041666665
ONESOURCE,253106.70833333334
ONGC,17778482.479166668
ONIDA,490415.4
ONMOBILE,206256.54166666666
ONWARDTEC,132422.72916666666
ONYX,216372.09302325582
OPTIEMUS,198342.125
OPTIVALUE,26995.744680851065
ORBTEXP,39705.6875
ORCHASP,398579.4583333333
ORCHPHARMA,141177.52083333334
ORIANA,66690.625
ORICONENT,125098.39583333333
ORIENTALTL,76779.9375
ORIENTBELL,17677.5625
ORIENTCEM,234360.375
ORIENTCER,56587.9375
ORIENTELEC,334076.3958333333
ORIENTHOT,1019556.4375
ORIENTLTD,5440.020833333333
ORIENTPPR,226860.85416666666
ORIENTTECH,264856.3333333333
ORISSAMINE,10063.395833333334
ORKLAINDIA,55589.4375
ORTEL,12171.375
ORTINGLOBE,19403.25
OSELDEVICE,29608.333333333332
OSIAHYPER,1655117.1666666667
OSWALAGRO,26075.6875
OSWALGREEN,206049.47916666666
OSWALPUMPS,706050.0416666666
OSWALSEEDS,77858.9375
OWAIS,44100.0
PACEDIGITK,3686046.9166666665
PAGEIND,31653.1875
PAISALO,12956549.6875
PAKKA,92387.75
PALASHSECU,2610.8333333333335
PALREDTEC,5301.395833333333
PANACEABIO,1089916.9166666667
PANACHE,23969.208333333332
PANAMAPET,1084702.1041666667
PANSARI,22533.4375
PAR,10790.041666666666
PARACABLES,5576855.854166667
PARADEEP,5544121.458333333
PARAGMILK,612621.8541666666
PARAGON,15680.0
PARAMATRIX,16114.285714285714
PARAMOUNT,9166.666666666666
PARAMPARA,16000.0
PARAS,4601958.895833333
PARASPETRO,173716.29166666666
PARIN,33901.041666666664
PARKHOSPS,896264.8541666666
PARKHOTELS,211096.58333333334
PARSVNATH,410636.8125
PARTH,17808.333333333332
PARTYCRUS,16847.82608695652
PASHUPATI,132006.25
PASUPTAC,575004.3333333334
PATANJALI,2863793.8958333335
PATELENG,7237545.625
PATELRMART,182996.0
PATILAUTOM,49000.0
PATINTLOG,241163.3125
PATTECH,2100.0
PAUSHAKLTD,16687.3125
PAVNAIND,57243.75
PAYTM,2342569.0625
PCBL,1664025.4166666667
PCCL,15016.666666666666
PCJEWELLER,55127711.520833336
PDMJEPAPER,77568.14583333333
PDSL,189381.47916666666
PEARLPOLY,7862.5
PELATRO,7181.25
PENIND,1248724.6666666667
PENINLAND,167960.72916666666
PENTAGON,5419.354838709677
PERFECT,19071.428571428572
PERSISTENT,616336.3958333334
PETRONET,3325176.0833333335
PFC,6531007.5625
PFIZER,27443.083333333332
PFOCUS,682560.8541666666
PFS,754645.7083333334
PGEL,3367701.3125
PGHH,15457.520833333334
PGHL,39448.854166666664
PGIL,194952.0
PGINVIT,1758477.2916666667
PHANTOMFX,22937.5
PHARMABEES,8779993.395833334
PHOENIXLTD,463163.0833333333
PHOGLOBAL,10047.619047619048
PICCADIL,127349.70833333333
PIDILITIND,1215230.0416666667
PIGL,106726.25
PIIND,403896.6041666667
PILANIINVS,3118.2916666666665
PILITA,92014.6875
PINELABS,27945515.4375
PIONEEREMB,23140.729166666668
PIONRINV,5979.916666666667
PIRAMALFIN,441776.4791666667
PITTIENG,50744.645833333336
PIXTRANS,21227.1875
PKTEA,708.8085106382979
PLADAINFO,6521.739130434783
PLASTIBLEN,33489.041666666664
PLATIND,93783.1875
PLAZACABLE,135087.75
PML,552.5833333333334
PNB,22324257.770833332
PNBGILTS,3742444.5208333335
PNBHOUSING,946018.0
PNC,10261.041666666666
PNCINFRA,642301.2083333334
PNGJL,395459.3333333333
PNGSREVA,219525.625
POCL,450897.0
PODDARMENT,2819.6458333333335
POKARNA,92069.04166666667
POLICYBZR,1820493.0625
POLYCAB,371682.3958333333
POLYMED,194533.5625
POLYPLEX,136382.52083333334
POLYSIL,17645.833333333332
PONNIERODE,28934.875
POONAWALLA,2140504.375
POSITRON,7900.0
POWERGRID,12921626.5625
POWERICA,497869.0625
POWERINDIA,170469.72916666666
POWERMECH,145427.0625
PPAP,84373.70833333333
PPL,160166.52083333334
PPLPHARMA,6733121.854166667
PPSL,52159.09090909091
PRABHA,104459.0
PRABHAPP,75631.14285714286
PRADPME,33786.4375
PRAENG,49835.354166666664
PRAJIND,1448994.375
PRAKASH,513687.4583333333
PRAKASHSTL,131771.47916666666
PRAMARA,114135.41666666667
PRANIK,7721.739130434783
PRATHAM,19041.666666666668
PRAVEG,68120.58333333333
PRAXIS,82140.0
PRECAM,457523.7291666667
PRECISION,20550.0
PRECOT,8700.958333333334
PRECWIRE,631189.0416666666
PREMCO,1416.3125
PREMEXPLN,1289372.5
PREMIER,9805.229166666666
PREMIERENE,2016405.5833333333
PREMIERPOL,107642.5
PREMIUM,25114.285714285714
PRESSTONIC,54683.333333333336
PRESTIGE,721915.6875
PRICOLLTD,1124156.6041666667
PRIMECAB,71033.33333333333
PRIMESECU,42790.0625
PRIMO,364247.5208333333
PRINCEPIPE,682340.4375
PRITI,6846.625
PRITIKA,15000.0
PRITIKAUTO,434045.7083333333
PRIVISCL,106369.89583333333
PRIZOR,43833.333333333336
PRLIND,19711.11111111111
PROFX,9764.102564102564
PROLIFE,1200.0
PROPEQUITY,6223.2558139534885
PROSTARM,452503.125
PROTEAN,677177.5
PROV,685.1282051282051
PROZONER,266819.4375
PRSMJOHNSN,534702.5625
PRUDENT,32767.208333333332
PRUDMOULI,10627.666666666666
PSB,1785532.625
PSFL,21333.333333333332
PSPPROJECT,192132.85416666666
PSRAJ,10215.90909090909
PSUBANK,50711.166666666664
PSUBANKADD,127975.97916666667
PSUBNKBEES,3334376.6666666665
PSUBNKIETF,208063.02083333334
PTC,1669054.7708333333
PTCIL,25739.875
PTL,57568.145833333336
PULZ,9142.857142857143
PUNJABCHEM,20330.291666666668
PURPLEUTED,44687.5
PURVA,431613.3333333333
PURVFLEXI,4717.948717948718
PUSHPA,23021.739130434784
PVP,1979979.9583333333
PVRINOX,247664.52083333334
PVSL,49576.833333333336
PVTBANIETF,8597977.833333334
PVTBANKADD,1171728.9583333333
PVTBKGROWW,51462.192307692305
PWL,11188739.75
PYRAMID,45457.020833333336
QFIL,6764.705882352941
QGOLDHALF,162553.91666666666
QLINE,545373.9130434783
QMSMEDI,16260.302325581395
QNIFTY,3859.7291666666665
QPOWER,488464.5833333333
QUADFUTURE,1097731.8541666667
QUADPRO,32400.0
QUAL30IETF,158350.54166666666
QUALITY30,20392.395833333332
QUESS,1788127.4166666667
QUESTLAB,91700.0
QUICKHEAL,2135644.1458333335
QUICKTOUCH,3280.487804878049
QUINT,4764.979166666667
QUINTEGRA,15068.75
QVCEL,5837.8378378378375
RACE,14840.6875
RACLGEAR,30939.6875
RADAAN,24361.458333333332
RADHIKAJWE,256176.0625
RADIANTCMS,120841.85416666667
RADICO,388623.25
RADIOCITY,60936.9375
RADIOWALLA,7908.571428571428
RAILTEL,1017354.3541666666
RAIN,8395743.854166666
RAINBOW,162431.16666666666
RAJESHEXPO,291623.6041666667
RAJINDLTD,13719.512195121952
RAJMET,282970.1666666667
RAJOOENG,384878.0416666667
RAJPALAYAM,1938.5625
RAJPUTANA,6146.341463414634
RAJRATAN,65383.791666666664
RAJRILTD,10911.145833333334
RAJSREESUG,52714.145833333336
RAJTV,90998.77083333333
RAJVIR,91.4
RALLIS,452590.0625
RAMANEWS,30003.166666666668
RAMAPHO,47284.479166666664
RAMASTEEL,6812632.458333333
RAMCOCEM,250891.58333333334
RAMCOIND,249658.58333333334
RAMCOSYS,1089231.0416666667
RAMKY,68169.5625
RAMRAT,340070.7083333333
RANASUG,334124.1041666667
RANEHOLDIN,72190.66666666667
RAPIDFLEET,4925.0
RAPPID,11712.5
RATEGAIN,1011662.0208333334
RATNAMANI,46411.854166666664
RATNAVEER,2050061.9583333333
RAYMOND,1060795.8541666667
RAYMONDLSL,256191.1875
RAYMONDREL,1573236.25
RBA,8280948.291666667
RBLBANK,5293445.25
RBMINFRA,26708.333333333332
RBS,7600.0
RBZJEWEL,74735.14583333333
RCDL,24666.666666666668
RCF,2702773.0
RCOM,2888238.3125
READYMIX,12439.024390243903
RECLTD,5713881.479166667
REDINGTON,6066656.458333333
REDTAPE,1266401.5
REFEX,2380548.4583333335
REFRACTORY,12227.272727272728
REGAAL,440032.0833333333
REGENCERAM,1924.3541666666667
RELAXO,928823.0416666666
RELCHEMQ,10680.520833333334
RELIABLE,50595.020833333336
RELIANCE,18272865.8125
RELIGARE,1372166.5
RELINFRA,965988.0769230769
RELTD,1139496.4166666667
RELTD-RE,1282718.4
REMSONSIND,242893.95833333334
REMUS,10708.333333333334
RENUKA,11074451.229166666
REPCOHOME,163343.6875
REPL,4979.4375
REPRO,20439.1875
RESPONIND,367453.6041666667
RETAIL,11915.5625
REXPIPES,5187.5
REXPRO,4076.923076923077
RFBL,472031.25
RGL,848372.625
RHETAN,8541425.479166666
RHFL,936647.8222222222
RHIM,568580.9583333334
RHL,6512.333333333333
RICHA,34478.260869565216
RICOAUTO,4253798.791666667
RIIL,140368.0
RIIT,375897.8125
RILINFRA,21972.916666666668
RISHABH,241761.08333333334
RITCO,163749.16666666666
RITES,919059.0416666666
RITEZONE,7806.060606060606
RKDL,19644.020833333332
RKEC,46555.770833333336
RKFORGE,539564.7291666666
RKSWAMY,52780.9375
RMC,33442.5625
RMDRIP,1080996.8125
RML,139094.02083333334
RNBDENIMS,630255.5208333334
RNFI,27600.0
RNPL,25302.127659574468
ROCKINGDCE,4125.0
ROCKPP,15666.666666666666
ROHLTD,43825.1875
ROLEXRINGS,1311385.0
ROLLT,672487.6666666666
ROML,6410.1875
ROSSARI,339949.875
ROSSELLIND,34122.666666666664
ROSSTECH,215610.02083333334
ROTO,4382023.0625
ROUTE,194524.60416666666
ROXHITECH,15127.272727272728
ROYALARC,1854.5454545454545
RPEL,216484.375
RPGLIFE,122154.875
RPOWER,39769461.729166664
RPPINFRA,73106.27083333333
RPPL,115565.45833333333
RPSGVENT,80115.52083333333
RPTECH,1470254.1458333333
RRIL,50419.041666666664
RRKABEL,874700.9791666666
RSDFIN,1636.9772727272727
RSL,564138.2916666666
RSSOFTWARE,31544.354166666668
RSWM,299824.6666666667
RSYSTEMS,451039.6458333333
RTL,34461.53846153846
RTNINDIA,3096431.875
RTNPOWER,18155644.666666668
RUBFILA,41134.8125
RUBICON,600047.6041666666
RUBYMILLS,96350.70833333333
RUCHINFRA,71718.625
RUCHIRA,30801.125
RUDRA,30621.583333333332
RULKA,5900.0
RUPA,204297.22916666666
RUSHIL,671648.5625
RUSTOMJEE,50302.208333333336
RVHL,46205.145833333336
RVNL,10221240.25
RVTH,1823.875
S&SPOWER,1381.2083333333333
SAAKSHI,28650.0
SAATVIKGL,153879.77083333334
SABAR,16578.947368421053
SABEVENTS,23026.76
SACHEEROME,27750.0
SADBHAV,146393.85416666666
SADBHIN,275865.1666666667
SADHAV,20037.5
SADHNANIQ,4474703.8125
SAFARI,116154.14583333333
SAFEENTP,59802.083333333336
SAGARDEEP,22367.3125
SAGCEM,78774.25
SAGILITY,16928299.583333332
SAHAJSOLAR,16283.333333333334
SAHANA,15317.708333333334
SAHASRA,52350.0
SAHLIBHFI,27133.583333333332
SAHYADRI,11887.833333333334
SAIFL,1027500.0
SAIL,25559412.416666668
SAILIFE,858638.6666666666
SAIPARENT,250591.54166666666
SAJHOTELS,25764.70588235294
SAKAR,236199.41666666666
SAKHTISUG,144508.58333333334
SAKSOFT,452480.7916666667
SAKUMA,932327.9375
SALASAR,4639584.4375
SALONA,1301.3333333333333
SALSTEEL,137835.95833333334
SALZERELEC,97723.47916666667
SAMAY,22500.0
SAMBHAAV,65914.75
SAMBHV,1567240.75
SAMHI,1150430.3541666667
SAMMAANCAP,21747684.125
SAMPANN,75579.0625
SANATHAN,25349.125
SANCO,17034.387096774193
SANDESH,731.9791666666666
SANDHAR,879526.625
SANDUMA,2799205.0625
SANGAMIND,36827.770833333336
SANGANI,14220.0
SANGHVIMOV,575994.8958333334
SANGINITA,156954.47916666666
SANOFI,29026.770833333332
SANOFICONR,9387.4375
SANSERA,333208.9375
SANSTAR,1414310.1666666667
SANWARIA,723988.0
SAPPHIRE,2019530.6041666667
SAPPL,1233.375
SARDAEN,498591.2916666667
SAREGAMA,6761788.958333333
SARLAPOLY,137704.0625
SAROJA,3938.4615384615386
SARTELE,103218.75
SARVESHWAR,1022680.8125
SASKEN,304922.4791666667
SATECH,15702.127659574468
SATIA,118360.52083333333
SATIN,1298608.6875
SATIPOLY,3871.4285714285716
SATKARTAR,24900.0
SATTVAENGG,14817.391304347826
SAURASHCEM,79238.625
SAVY,28773.91304347826
SAWALIYA,37325.0
SAYAJIHOTL,86.32432432432432
SBC,16487346.541666666
SBCL,490885.9791666667
SBFC,1528044.5833333333
SBGLP,73012.41666666667
SBIBPB,305657.1458333333
SBICARD,1288926.625
SBIETFCON,4838.625
SBIETFIT,22660.8125
SBIETFPB,7301.5625
SBIETFQLTY,3724.3958333333335
SBILIFE,968750.2708333334
SBILIQETF,165254.27083333334
SBIMIDMOM,33312.729166666664
SBIN,16854109.395833332
SBINEQWETF,87558.95833333333
SBINMID150,40537.229166666664
SBISILVER,1880760.4791666667
SBISMLETF,56303.333333333336
SBIVALETF,81769.33333333333
SCANSTL,53019.0625
SCHAEFFLER,94517.91666666667
SCHAND,46278.208333333336
SCHNEIDER,459395.9375
SCI,10164241.0
SCILAL,1129104.2291666667
SCML,23956.521739130436
SCODATUBES,540568.0208333334
SCPL,21313.75
SDBL,1133385.9375
SDREAMS,6825.0
SEAMECLTD,121019.64583333333
SECL,10416.666666666666
SECMARK,1921.6458333333333
SECURKLOUD,16566.916666666668
SEDEMAC,210890.16666666666
SEIL,444885.2916666667
SEITINVIT,567500.0
SEJALLTD,11606.25
SEL,2135.0
SELECTIPO,20275.520833333332
SELLOWRAP,5729.032258064516
SELMC,10288.229166666666
SEMAC,1553.6458333333333
SENCO,1079388.3541666667
SENORES,530935.2916666666
SENSEXADD,5133.708333333333
SENSEXBETA,5155.479166666667
SENSEXETF,39531.541666666664
SENSEXIETF,19884.8125
SEPC,32205516.9375
SERVICE,7217.391304347826
SERVOTECH,2036399.1875
SESHAPAPER,31468.854166666668
SETCO,180549.29166666666
SETF10GILT,9263.25
SETFGOLD,5122924.104166667
SETFNIF50,833223.2083333334
SETFNIFBK,134308.6875
SETFNN50,46771.354166666664
SETL,657570.6875
SETUINFRA,82697.08
SEYAIND,10673.354166666666
SFL,600510.6041666666
SFML,8156.09756097561
SGBAPR28I,270.4583333333333
SGBAUG27,109.54166666666667
SGBAUG28V,1153.7708333333333
SGBAUG29V,194.3125
SGBAUG30,176.1875
SGBD29VIII,273.7708333333333
SGBDC27VII,68.6086956521739
SGBDE30III,223.22916666666666
SGBDE31III,1315.0
SGBDEC26,48.651162790697676
SGBFEB27,32.125
SGBFEB28IX,27.95
SGBFEB29XI,116.125
SGBFEB32IV,1442.9791666666667
SGBJ28VIII,55.44186046511628
SGBJAN27,35.675
SGBJAN29IX,400.8541666666667
SGBJAN29X,229.14583333333334
SGBJAN30IX,150.6875
SGBJU29III,220.54166666666666
SGBJUL27,30.35135135135135
SGBJUL28IV,497.75
SGBJUL29IV,246.4375
SGBJUN27,45.048780487804876
SGBJUN28,232.9375
SGBJUN29II,311.0625
SGBJUN30,170.70833333333334
SGBJUN31I,684.5833333333334
SGBMAR28X,69.18604651162791
SGBMAR30X,101.25
SGBMAR31IV,215.1875
SGBMAY28,369.0625
SGBMAY29I,757.2708333333334
SGBMR29XII,375.7916666666667
SGBN28VIII,327.2291666666667
SGBNOV26,31.428571428571427
SGBNV29VII,313.5625
SGBOC28VII,222.97916666666666
SGBOCT26,15.580645161290322
SGBOCT27,50.81818181818182
SGBOCT27VI,77.7560975609756
SGBSEP27,70.0
SGBSEP28VI,322.0208333333333
SGBSEP29VI,383.5416666666667
SGBSEP31II,1083.5208333333333
SGFIN,249424.375
SGIL,21829.4375
SGL,33326.708333333336
SGMART,325877.375
SHADOWFAX,3543556.4791666665
SHAH,6326289.208333333
SHAH-RE1,2353249.777777778
SHAHALLOYS,9462.666666666666
SHAILY,361397.3125
SHAKTIPUMP,1213622.2916666667
SHALBY,97006.97916666667
SHALPAINTS,50726.083333333336
SHANKARA,61346.166666666664
SHANTHALA,4400.0
SHANTI,27389.041666666668
SHANTIGEAR,15813.4375
SHANTIGOLD,1340757.6666666667
SHARDACROP,507305.1458333333
SHARDAMOTR,80691.25
SHARDUL,6071.541666666667
SHAREINDIA,473922.2916666667
SHARIABEES,7336.229166666667
SHBAJRG,4071.2916666666665
SHEEL,31688.88888888889
SHEETAL,13885.416666666666
SHEKHAWATI,16473.604166666668
SHEMAROO,34899.729166666664
SHERA,48062.5
SHETHJI,58083.333333333336
SHIGAN,6954.545454545455
SHILCTECH,41436.270833333336
SHILPAMED,1355571.4791666667
SHINDL,134240.4375
SHIVALIK,62636.729166666664
SHIVAMAUTO,23066.125
SHIVAMILLS,4590.854166666667
SHIVASHRIT,50625.0
SHIVATEX,6576.354166666667
SHIVAUM,43.92857142857143
SHK,391409.875
SHKSIL,9172.413793103447
SHOPERSTOP,166719.64583333334
SHRADHA,27616.270833333332
SHREDIGCEM,128872.77083333333
SHREECEM,26963.5
SHREEJISPG,1131941.5208333333
SHREEKARNI,3684.375
SHREEOSFM,14723.404255319148
SHREEPUSHK,97500.6875
SHREERAMA,126359.66666666667
SHREMINVIT,118750.0
SHRENIK,324424.6666666667
SHREYANIND,7251.520833333333
SHRIAHIMSA,41200.0
SHRIKANHA,16111.627906976744
SHRIKRISH,1988.659574468085
SHRINGARMS,978447.0625
SHRIPISTON,61661.020833333336
SHRIRAMFIN,5954388.916666667
SHRIRAMPPS,1369354.3541666667
SHRITECH,12437.5
SHUBHLAXMI,9488.372093023256
SHUBHSHREE,4825.0
SHYAMCENT,113624.95833333333
SHYAMDHANI,13363.636363636364
SHYAMMETL,766009.9375
SHYAMTEL,6287.708333333333
SICAGEN,19563.479166666668
SICALLOG,58485.666666666664
SIDDHICOTS,12834.782608695652
SIDDHIKA,7659.090909090909
SIEMENS,539722.875
SIGACHI,911969.2083333334
SIGIND,9847.729166666666
SIGMA,81366.66666666667
SIGMAADV,573536.9583333334
SIGNATURE,271160.1458333333
SIGNORIA,17592.59259259259
SIGNPOST,112579.625
SIKA,75274.39583333333
SIKKO,330117.0833333333
SIL,21109.395833333332
SILGO,517631.9583333333
SILINV,2315.5416666666665
SILKFLEX,22377.777777777777
SILKY,7051.851851851852
SILLYMONKS,20772.1875
SILVER,1748458.8958333333
SILVER1,9733691.625
SILVER360,42654.125
SILVERADD,462475.8958333333
SILVERAG,602692.2916666666
SILVERBEES,32516953.354166668
SILVERBETA,692467.8541666666
SILVERBND,42912.520833333336
SILVERCASE,15249028.125
SILVERIETF,4815640.395833333
SILVERTUC,523490.8125
SIMBHALS,19498.08
SIMCA,157131.42857142858
SIMPLEXINF,238531.875
SINCLAIR,46170.791666666664
SINDHUTRAD,3023358.4375
SINGERIND,42107.416666666664
SINTERCOM,60495.145833333336
SIRCA,524381.2916666666
SIS,391715.3541666667
SITINET,536723.0208333334
SIYSIL,115560.9375
SJLOGISTIC,39177.083333333336
SJS,130689.72916666667
SJVN,3770979.4375
SKFINDIA,29672.520833333332
SKFINDUS,39305.666666666664
SKIL,100390.5
SKIPPER,1042073.8541666666
SKMEGGPROD,1475027.5625
SKP,9427.083333333334
SKYGOLD,1783123.6875
SLONE,3914.285714285714
SMALL250,576651.0208333334
SMALLADD,70963.52083333333
SMALLCAP,1974811.4166666667
SMALLGROWW,20039.166666666668
SMALLIETF,32886.0
SMARTEN,38000.0
SMARTLINK,26994.791666666668
SMARTWORKS,143368.58333333334
SMCGLOBAL,531999.6041666666
SML100CASE,1504288.1875
SMLMAH,63471.0625
SMLT,22085.3125
SMSPHARMA,295066.9375
SMVD,5050.0
SNEHAA,8690.47619047619
SNOWMAN,170497.6875
SNXT30BEES,11730.25
SNXT50BETA,3917.3333333333335
SOBHA,150022.6875
SOCL,9180.952380952382
SOFTTECH,13236.416666666666
SOLARA,422731.0416666667
SOLARINDS,182594.52083333334
SOLARWORLD,515372.7916666667
SOLEX,79456.25
SOMANYCERA,202822.625
SOMATEX,15851.041666666666
SOMICONVEY,11982.1875
SONACOMS,2059709.125
SONAL,79.64516129032258
SONAMAC,7739.130434782609
SONAMLTD,60782.583333333336
SONATSOFTW,3362905.375
SONUINFRA,9585.365853658537
SOTAC,1835.2941176470588
SOTL,643835.875
SOUTHBANK,17653098.583333332
SOUTHWEST,574069.5416666666
SPAL,296195.1666666667
SPANDANA,513415.875
SPARC,8890266.625
SPCENET,867054.3125
SPCL,23037.5
SPCON,5100.0
SPEB,30956.521739130436
SPECIALITY,54558.6875
SPECTRUM,29703.166666666668
SPECTSTM,20902.127659574468
SPENCERS,97111.8125
SPIC,806272.9583333334
SPLIL,7694.083333333333
SPLPETRO,81911.625
SPMLINFRA,496452.7916666667
SPORTKING,540485.6458333334
SPPPOLY,3750.0
SPRL,5268.9655172413795
SPUNWEB,13617.391304347826
SRD,35255.833333333336
SREEL,16438.479166666668
SRF,572435.0833333334
SRGHFL,5043.020833333333
SRHHYPOLTD,13601.833333333334
SRIVASAVI,9547.619047619048
SRM,203072.02083333334
SRPL,509707.875
SRTL,59493.6875
SSDL,20837.0625
SSEGL,31337.5
SSFL,59562.5
SSFLPP,15931.25
SSWL,550868.6666666666
STALLION,2017709.5
STANLEY,450917.3125
STAR,308857.0625
STARCEMENT,392761.375
STARHEALTH,772629.9166666666
STARPAPER,8862.5
STARTECK,7983.958333333333
STCINDIA,187259.08333333334
STEELCAS,214090.64583333334
STEELCITY,5266.395833333333
STEELXIND,6066137.145833333
STEL,13701.375
STERTOOLS,200157.64583333334
STLNETWORK,2745245.9166666665
STLTECH,4179401.125
STOVEKRAFT,262613.0416666667
STRIDERS,32738.46153846154
STUDDS,295485.7291666667
STUDIOLSD,26291.666666666668
STYL,252228.85416666666
STYLAMIND,54087.666666666664
STYLEBAAZA,581949.6041666666
STYRENIX,23216.770833333332
SUBAHOTELS,48475.0
SUBEXLTD,2435108.1458333335
SUBROS,300996.5833333333
SUDARCOLOR,10707.375
SUDARSCHEM,268894.3333333333
SUDEEPPHRM,291340.5208333333
SUKHJITS,42252.770833333336
SULA,293217.8958333333
SUMEET-RE,2692576.3333333335
SUMEETINDS,1384501.2291666667
SUMICHEM,390600.5416666667
SUMIT,92612.97916666667
SUMMITSEC,4449.854166666667
SUNCLAY,8995.895833333334
SUNDARAM,652528.6458333334
SUNDARMFIN,91618.0
SUNDRMBRAK,7170.979166666667
SUNDRMFAST,89427.27083333333
SUNDROP,14181.625
SUNFLAG,1121256.1875
SUNLITE,25625.0
SUNPHARMA,2905901.0833333335
SUNREST,4246.153846153846
SUNTECH,14643.478260869566
SUNTECK,400268.8958333333
SUNTV,541539.7083333334
SUPERHOUSE,4747.229166666667
SUPERSPIN,57788.75
SUPRAJIT,245403.95833333334
SUPREME,104844.08333333333
SUPREMEENG,166304.3125
SUPREMEIND,161533.02083333334
SUPREMEINF,66904.0625
SUPREMEPWR,64614.583333333336
SUPRIYA,710128.2291666666
SURAJEST,81304.8125
SURAJLTD,1982.1875
SURAKSHA,46553.333333333336
SURANASOL,74286.79166666667
SURANAT&P,77976.0
SURANI,5541.463414634146
SURYALA,4412.083333333333
SURYALAXMI,7424.958333333333
SURYAROSNI,1548078.5208333333
SURYODAY,813951.1875
SUTLEJTEX,58976.958333333336
SUVEN,1942320.4791666667
SUVIDHAA,119509.0
SUYOG,35706.166666666664
SUZLON,102318379.22916667
SVLL,9723.744680851063
SVPGLOB,78245.85416666667
SWANCORP,957248.1666666666
SWANDEF,18139.729166666668
SWARAJ,63614.583333333336
SWARAJENG,11720.354166666666
SWASTIK,4200.0
SWELECTES,33765.354166666664
SWIGGY,11452445.583333334
SWSOLAR,2735541.1458333335
SYLVANPLY,9125.0
SYMPHONY,102114.70833333333
SYNCOMF,2530562.9791666665
SYNGENE,4888049.625
SYNOPTICS,3765.0
SYRMA,1506826.7916666667
SYSTANGO,30791.666666666668
SYSTMTXC,64519.3125
TAALTECH,1501.375
TAC,114537.5
TAINWALCHM,3294.1041666666665
TAJGVK,149448.125
TAKE,287127.4375
TALBROAUTO,435232.6458333333
TAMBOLIIN,12860.208333333334
TANKUP,3122.093023255814
TANLA,597330.25
TAPIFRUIT,2205.8823529411766
TARACHAND,140822.02083333334
TARAPUR,33205.3125
TARC,379716.4375
TARIL,4234172.395833333
TARMAT,8016.1875
TARSONS,760314.5625
TASTYBITE,4575.5625
TATACAP,4200518.354166667
TATACHEM,1318333.375
TATACOMM,871974.3541666666
TATACONSUM,2411128.1458333335
TATAELXSI,259076.27083333334
TATAGOLD,61530104.854166664
TATAINVEST,475504.25
TATAPOWER,5756555.229166667
TATASTEEL,31542894.645833332
TATATECH,2137804.0208333335
TATSILV,74370661.27083333
TATVA,51239.583333333336
TAURIAN,30066.666666666668
TBI,29825.0
TBOTEK,147170.83333333334
TBZ,975590.0
TCC,12521.458333333334
TCI,41693.5
TCIEXP,107519.58333333333
TCIFINANCE,86269.08333333333
TCL,25514.893617021276
TCPLPACK,3351.4791666666665
TCS,5293210.0625
TDPOWERSYS,1601664.9791666667
TEAMGTY,3830.8958333333335
TEAMLEASE,31571.104166666668
TEAMTECH,244615.38461538462
TECH,116211.41666666667
TECHD,20637.5
TECHERA,136900.0
TECHLABS,42994.791666666664
TECHM,2576842.5625
TECHNOE,489747.0
TECHNVISN,132.625
TECILCHEM,11215.166666666666
TEGA,182155.91666666666
TEJASCARGO,2654.5454545454545
TEJASNET,10201297.354166666
TEMBO,137214.625
TENNIND,1107366.4583333333
TERASOFT,27032.166666666668
TEXINFRA,143035.5625
TEXMOPIPES,54730.479166666664
TEXRAIL,6523215.520833333
TFCILTD,5729350.479166667
TFL,22039.104166666668
TGBHOTELS,19477.770833333332
TGL,35695.833333333336
THACKER,443.67391304347825
THAKDEV,208.52631578947367
THANGAMAYL,211880.04166666666
THEINVEST,29443.604166666668
THEJO,7389.645833333333
THELEELA,489398.875
THEMISMED,323734.6666666667
THERMAX,453888.4583333333
THESL,34657.89473684211
THOMASCOOK,4305632.958333333
THOMASCOTT,63256.458333333336
THYROCARE,856868.3958333334
TI,549813.0
TICL,1596265.8541666667
TIGERLOGS,170452.25
TIIL,14320.208333333334
TIINDIA,353918.3958333333
TIJARIA,23812.208333333332
TIL,152127.35416666666
TILPP,5066.310344827586
TIMESCAN,7461.538461538462
TIMETECHNO,3309250.8333333335
TIMEX,802423.2083333334
TIMKEN,80333.875
TINNARUBR,76478.41666666667
TIPSFILMS,5248.333333333333
TIPSMUSIC,282231.0
TIRUMALCHM,345799.2291666667
TIRUPATI,2471.153846153846
TIRUPATIFL,353160.5208333333
TITAGARH,1521083.375
TITAN,1250912.6666666667
TMB,308821.7708333333
TMCV,10127306.895833334
TMPV,13749885.833333334
TNIDETF,75943.35416666667
TNPETRO,229807.375
TNPL,89945.54166666667
TNTELE,25491.25
TOKYOPLAST,2304.4166666666665
TOLINS,117711.02083333333
TOP100CASE,851342.1875
TOP10ADD,258568.10416666666
TOP15IETF,240282.25
TOP20,83314.47916666667
TORNTPHARM,496752.7083333333
TORNTPOWER,472401.75
TOTAL,4666.083333333333
TOUCHWOOD,4697.1875
TPHQ,1280889.9166666667
TPLPLASTEH,149298.10416666666
TRACXN,157633.16666666666
TRANSPEK,2985.3333333333335
TRANSRAILL,747868.2916666666
TRANSTEEL,53375.0
TRANSWIND,8727.272727272728
TRANSWORLD,30182.0
TRAVELFOOD,84880.1875
TREEHOUSE,23458.125
TREJHARA,23357.395833333332
TREL,108762.0
TRENT,1156122.6458333333
TRF,17960.979166666668
TRIDENT,6924123.145833333
TRIDHYA,11068.965517241379
TRIGYN,28462.9375
TRITURBINE,2884432.4583333335
TRIVENI,418834.5416666667
TROM,4853.333333333333
TRU,101786.4375
TRUALT,503422.0
TRUST,15756.521739130434
TSC,13461.538461538461
TSFINV,97257.75
TTKHLTCARE,2715.3125
TTKPRESTIG,463000.3958333333
TTL,118548.70833333333
TTML,6166716.416666667
TUNWAL,142750.0
TVSELECT,112158.66666666667
TVSHLTD,4189.458333333333
TVSINVIT,161111.11111111112
TVSMOTOR,1174734.6458333333
TVSSCS,742245.3958333334
TVSSRICHAK,8615.4375
TVTODAY,81996.0
TVVISION,16296.395833333334
TWCGOLDETF,4087.3541666666665
UBL,204561.375
UCAL,21300.104166666668
UCL,50200.0
UCOBANK,8673209.583333334
UDS,500532.3541666667
UEL,9957.583333333334
UFBL,542489.1041666666
UFLEX,157698.20833333334
UFO,85295.54166666667
UGARSUGAR,244065.33333333334
UGROCAP,238397.25
UHTL,119574.46808510639
UJJIVANSFB,14021428.3125
ULTRACEMCO,397748.4375
ULTRAMAR,16262.0625
UMA,10200.0
UMAEXPORTS,61629.708333333336
UMESLTD,40813.8125
UMIYA-MRO,14708.229166666666
UNICHEMLAB,767855.6041666666
UNIDT,23165.666666666668
UNIECOM,1421221.125
UNIENTER,8519.3125
UNIHEALTH,34541.666666666664
UNIINFO,4904.604166666667
UNILEX,6114.285714285715
UNIMECH,127666.70833333333
UNIONBANK,13793320.666666666
UNIONGOLD,22698.145833333332
UNIPARTS,265481.8333333333
UNITDSPR,1026267.5416666666
UNITECH,7242662.5
UNITEDPOLY,123282.16666666667
UNITEDTEA,1796.4375
UNIVAFOODS,2868.285714285714
UNIVASTU,211972.75
UNIVCABLES,415155.5208333333
UNIVPHOTO,998.4375
UNOMINDA,921332.75
UPL,2196346.5833333335
URAVIDEF,30058.041666666668
URBAN,18533.333333333332
URBANCO,5544033.5625
URJA,1596409.3541666667
USASEEDS,901.0526315789474
USHAFIN,14243.90243902439
USHAMART,1025296.375
USK,26391.4375
UTIAMC,124464.20833333333
UTKAL,74000.0
UTKARSHBNK,8127359.0
UTLSOLAR,497854.8125
UTSSAV,118287.5
UTTAMSUGAR,299038.9375
UWCSL,2384.6153846153848
UYFINCORP,101861.97916666667
V2RETAIL,1666134.5208333333
VADILALIND,35510.895833333336
VAIBHAVGBL,342613.8958333333
VAISHALI,102062.0
VAKRANGEE,1664167.8958333333
VAL30IETF,457074.4375
VALIANTLAB,28612.5625
VALIANTORG,87133.29166666667
VALUE,64274.666666666664
VALUE360,191600.0
VAML,25614780.0
VARDHACRLC,88860.125
VARDMNPOLY,255117.10416666666
VARROC,131406.8125
VASA,8000.0
VASCONEQ,396557.1458333333
VASWANI,65316.666666666664
VBL,6057924.104166667
VCL,364367.2708333333
VDEAL,4024.390243902439
VEDL,36572779.770833336
VEDPOWER,63691608.222222224
VEEDOL,11901.5625
VEEKAYEM,1841.4634146341464
VELJAN,518.8333333333334
VELS,2400.0
VENKEYS,83123.02083333333
VENTIVE,61475.520833333336
VENUSPIPES,123328.33333333333
VENUSREM,101737.83333333333
VERANDA,512989.1041666667
VERITAAS,3800.0
VERTEXPLUS,2350.0
VERTIS,344230.76923076925
VERTOZ,103803.16666666667
VESUVIUS,90485.83333333333
VETO,177036.75
VGINFOTECH,78895.83333333333
VGL,255735.64583333334
VGUARD,320983.125
VHL,691.6875
VHLTD,20352.583333333332
VIAZ,11103.448275862069
VICTORYEV,61978.72340425532
VIDHIING,13651.333333333334
VIDYAWIRES,6057135.916666667
VIESL,53983.333333333336
VIGOR,48452.17391304348
VIJAYA,358514.875
VIJAYPD,74425.53191489361
VIJIFIN,200001.0625
VIKASECO,1317347.9166666667
VIKASLIFE,1553465.6666666667
VIKRAMSOLR,3081022.6041666665
VIKRAN,3464890.4375
VILAS,51062.5
VILINBIO,20242.424242424244
VIMTALABS,405510.3333333333
VINATIORGA,84318.77083333333
VINCOFE,2547441.4791666665
VINDHYATEL,149482.39583333334
VINEETLAB,47119.125
VINNY,526256.0208333334
VINSYS,21886.904761904763
VINYAS,14706.25
VINYLINDIA,38373.416666666664
VIPCLOTHNG,187879.77083333334
VIPIND,1246508.75
VIPULLTD,334759.7916666667
VIRINCHI,87523.54166666667
VISACHROME,216773.87096774194
VISAKAIND,144888.9375
VISAMAN,15000.0
VISASTEEL,49333.94117647059
VISHNU,130938.625
VISHNUINFR,11864.583333333334
VISHWARAJ,231012.02083333334
VISHWAS,11111.111111111111
VISL,90394652.55555555
VITAL,5067.3125
VIVIANA,33202.166666666664
VIVIDEL,35170.0
VIVIDHA,341854.625
VIVIMEDLAB,79121.27083333333
VIVO,3764.705882352941
VIYASH,2946122.0208333335
VLEGOV,90398.45833333333
VLINFRA,8600.0
VLSFINANCE,15858.75
VMARCIND,63125.0
VMART,297090.3541666667
VMM,10417325.854166666
VMSTMT,49987.25
VOGL,82694489.0
VOLERCAR,77616.66666666667
VOLTAMP,79164.0
VOLTAS,1269882.5416666667
VPRPL,517650.4583333333
VR,1220.0
VRAJ,22783.75
VRLLOG,154688.0625
VSCL,7500.0
VSSL,50313.520833333336
VSTIND,295321.0
VSTL,14520.458333333334
VSTTILLERS,12203.708333333334
VTL,435890.2916666667
WAAREEENER,1560300.5625
WAAREEINDO,49942.395833333336
WAAREERTL,230236.14583333334
WABAG,619373.3958333334
WAKEFIT,2065606.3125
WALCHANNAG,2771762.4375
WALPAR,8461.538461538461
WANBURY,103343.125
WCIL,72192.16666666667
WEALTH,4501.041666666667
WEBELSOLAR,4248521.25
WEIZMANIND,3293.0625
WEL,241675.66666666666
WELCORP,844677.4375
WELENT,334039.1875
WELINV,1571.4166666666667
WELSPLSOL,1782798.75
WELSPUNLIV,3233431.3125
WENDT,16549.625
WESTLIFE,97935.47916666667
WEWIN,23344.291666666668
WEWORK,544293.1458333334
WHEELS,244676.97916666666
WHIRLPOOL,259278.64583333334
WHITEFORCE,13706.666666666666
WILLAMAGOR,8004.333333333333
WIMPLAST,8349.029411764706
WINDLAS,62403.4375
WINDMACHIN,143111.58333333334
WINNY,2076.923076923077
WINSOL,6783.333333333333
WINSOME,47613.61538461538
WIPL,2985.6666666666665
WIPRO,29124947.354166668
WOCKPHARMA,3255634.8333333335
WOL3D,31395.3488372093
WOMANCART,55783.333333333336
WONDERLA,94853.41666666667
WORTHPERI,7676.8125
WPIL,63730.145833333336
WSI,36020.354166666664
WSTCSTPAPR,144414.85416666666
WTICAB,34866.666666666664
XCHANGING,89956.33333333333
XELPMOC,31375.125
XPROINDIA,80609.29166666667
XTGLOBAL,48175.270833333336
YAAP,21851.063829787236
YASHO,46582.229166666664
YASHOPTICS,12300.0
YATHARTH,484365.1041666667
YATRA,2194201.0416666665
YCCL,9827.586206896553
YESBANK,140727973.77083334
YUDIZ,3502.7027027027025
YUKEN,9320.166666666666
ZAGGLE,1766746.7916666667
ZEAL,2085.0
ZEEL,47277023.541666664
ZEELEARN,1884751.5208333333
ZEEMEDIA,1312083.5
ZENITHDRUG,11900.0
ZENITHEXPO,364.2391304347826
ZENITHSTL,114462.58333333333
ZENSARTECH,645822.7083333334
ZENTEC,958772.9583333334
ZFCVINDIA,36729.9375
ZFSTEERING,3661.2708333333335
ZIMLAB,117411.70833333333
ZODIAC,9387.75
ZODIACLOTH,9025.6875
ZOTA,61006.833333333336
ZSARACOM,22.729166666666668
ZTECH,23231.25
ZUARI,296062.8333333333
ZUARIIND,59386.729166666664
ZYDUSLIFE,1815310.25
ZYDUSWELL,458325.5833333333
