SYMBOL,AVG_30D_VOLUME
1018GS2026,81.0
20MICRONS,172302.0
21STCENMGM,2905.0
360ONE,1412706.0
3BBLACKBIO,33118.0
3IINFOLTD,155358.0
3MINDIA,7423.0
3PLAND,7601.0
574GS2026,1.0
585GS2030,11.0
591GS2028,810.0
5PAISA,68919.0
601GS2028,800.0
601GS2030,700.0
603GS2029,1600.0
610GS2031,1.0
620GS2029,10200.0
63MOONS,127074.0
648GS2035,1605.0
654GS2032,50000.0
667GS2050,13.0
668GS2033,200.0
668GS2040,165336.0
676GS2061,60000.0
679GS2031,70.0
68GS2060,4182.0
690GS2065,28160.0
694GS2036,1000.0
699GS2051,10959.0
702GS2027,201.0
702GS2031,5150.0
704GS2029,100.0
706GS2028,3400.0
706GS2041,710.0
709GS2054,12520.0
709GS2074,78614.0
718GS2037,37485.0
71GS2034,3000.0
724GS2055,97594.0
725GS2063,203539.0
726GS2032,4100.0
726GS2033,500.0
732GS2030,500.0
733GS2026,1699.0
734GS2064,54471.0
737GS2028,2909.0
738GS2027,7208.0
73GS2053,15305.0
741GS2036,11701.0
743GS2076,110049.0
746GS2073,8217.0
74GS2062,11.0
750GS2056,1218.0
754GS2036,609079.0
771GS2066,136833.0
824GS2027,335.0
828GS2032,1200.0
897GS2030,1000.0
92GS2030,8446.0
A2ZINFRA,242582.0
AAATECH,9982.0
AADHARHFC,213894.0
AAKAAR,12800.0
AAKASH,60911.0
AARADHYA,15600.0
AAREYDRUGS,102279.0
AARNAV,29199.0
AARON,10274.0
AARTECH,12716.0
AARTIDRUGS,59488.0
AARTIIND,635813.0
AARTIPHARM,522950.0
AARTISURF,19172.0
AARVI,7731.0
AASTHA,2089353.0
AAVAS,242642.0
ABAN,22446.0
ABANSENT,4492.0
ABB,227223.0
ABBOTINDIA,6684.0
ABCAPITAL,5834090.0
ABCOTS,37858.0
ABDL,289013.0
ABFRL,5405597.0
ABGSEC,407.0
ABHAPOWER,1600.0
ABINFRA,241079.0
ABLBL,1171891.0
ABMINTLLTD,157.0
ABMKNO,197.0
ABREL,187059.0
ABSL10BANK,6800.0
ABSLAMC,297155.0
ABSLBANETF,47821.0
ABSLLIQUID,2299.0
ABSLMSCIN,808.0
ABSLNN50ET,9108.0
ABSLPSE,414363.0
ABSMARINE,82000.0
ACC,274811.0
ACCELYA,4779.0
ACCENTMIC,15000.0
ACCPL,15600.0
ACCURACY,69025.0
ACE,325647.0
ACEINTEG,1733.0
ACETEC,86400.0
ACGL,583.0
ACI,211062.0
ACL,11870.0
ACMESOLAR,3008269.0
ACSTECH,389314.0
ACTIVEINFR,2400.0
ACUTAAS,490517.0
ADANIENSOL,35589890.0
ADANIENT,12872435.0
ADANIGREEN,2461573.0
ADANIPORTS,9621819.0
ADANIPOWER,53907969.0
ADDICTIVE,2000.0
ADDIND,423.0
ADFFOODS,36649.0
ADISOFT,31200.0
ADL,1086.0
ADOR,220404.0
ADROITINFO,7874.0
ADSL,76759.0
ADVAIT,38030.0
ADVANCE,145791.0
ADVANIHOTR,16473.0
ADVENTHTL,66081.0
ADVENZYMES,172700.0
ADVIKCA,566958.0
AEGISLOG,553008.0
AEGISVOPAK,721408.0
AEPL,23149.0
AEQUS,1528830.0
AEROENTER,653171.0
AEROFLEX,953151.0
AERON,6000.0
AERONEU,8584.0
AEROPLANE,293534.0
AESTHETIK,6000.0
AETHER,354417.0
AFCONS,538629.0
AFFLE,241180.0
AFFORDABLE,10121.0
AFIL,427723.0
AFSL,14455.0
AGARIND,32258.0
AGARWALEYE,1926860.0
AGARWALFT,13500.0
AGARWALTUF,13200.0
AGI,475872.0
AGIIL,503086.0
AGL,2415944.0
AGNI,7500.0
AGRITECH,7344.0
AGROPHOS,10755.0
AGSTRA,51744.0
AGUL,2000.0
AHCL,3294080.0
AHLADA,3957.0
AHLEAST,2365.0
AHLUCONT,75376.0
AHLWEST,2631.0
AIAENG,71716.0
AIIL,1824874.0
AIMTRON,17600.0
AIRAN,37527.0
AIROLAM,320.0
AJANTPHARM,61976.0
AJAXENGG,58190.0
AJMERA,254749.0
AJOONI,385193.0
AKANKSHA,2000.0
AKASH,6193.0
AKCAPIT,1340.0
AKG,13425.0
AKI,141928.0
AKIKO,36000.0
AKSHAR,1633464.0
AKSHARCHEM,4795.0
AKSHOPTFBR,399288.0
AKUMS,258396.0
ALANKIT,58779.0
ALBERTDAVD,14450.0
ALCODIS,625.0
ALEMBICLTD,925255.0
ALFREDHE,78.0
ALGOQUANT,1102265.0
ALICON,30416.0
ALIVUS,1220512.0
ALKALI,3825.0
ALKEM,120023.0
ALKYLAMINE,62073.0
ALLCARGO,18633846.0
ALLDIGI,6648.0
ALLETEC,16000.0
ALLTIME,74691.0
ALMONDZ,386915.0
ALOKINDS,63642007.0
ALPA,12779.0
ALPEXSOLAR,42600.0
ALPHA,1346992.0
ALPHAETF,722939.0
ALPHAGEO,19212.0
ALPINETEX,160355.0
ALPL30IETF,658887.0
ALUFLUOR,3736.0
ALUWIND,13500.0
AMAGI,1951326.0
AMAL,5023.0
AMANTA,71378.0
AMARJOTHI,877.0
AMBAAUTO,11000.0
AMBALALSA,100970.0
AMBER,105370.0
AMBICAAGAR,6718.0
AMBIKCO,6584.0
AMBUJACEM,2212877.0
AMCL,26400.0
AMDIND,72026.0
AMJLAND,12970.0
AMNPLST,804.0
AMRUTANJAN,73214.0
ANANDRATHI,421862.0
ANANTAM,33447.0
ANANTRAJ,1596650.0
ANAWIL,179200.0
ANDHRAPAP,215681.0
ANDHRSUGAR,1062628.0
ANDREWYU,95639.0
ANGELONE,15319412.0
ANIKINDS,50864.0
ANKITMETAL,34395.0
ANLON,9200.0
ANMOL,26512.0
ANNAPURNA,46694.0
ANONDITA,535800.0
ANSALAPI,11739.0
ANSALBU,919.0
ANTELOPUS,53064.0
ANTGRAPHIC,748166.0
ANTHEM,1181406.0
ANUHPHR,55545.0
ANUP,15543.0
ANURAS,166656.0
ANZEN,25000.0
AONEGOLD,768967.0
AONELIQUID,23133.0
AONENIFTY,209900.0
AONESILVER,619845.0
AONETMMQ50,24342.0
AONETOTAL,355909.0
APARINDS,88241.0
APCL,4715.0
APCOTEXIND,460194.0
APEX,113018.0
APEXECO,7200.0
APLAPOLLO,1081058.0
APLLTD,139739.0
APOLLO,4103179.0
APOLLOHOSP,405214.0
APOLLOPIPE,217305.0
APOLLOTYRE,778696.0
APOLSINHOT,562.0
APOORVA,28.0
APRAMEYA,14500.0
APS,12000.0
APSISAERO,187200.0
APTECHT,52469.0
APTUS,938126.0
AQYLON,774347.0
ARABIAN,2000.0
ARCHIDPLY,11698.0
ARCHIES,22389.0
ARCIIL,27000.0
ARCL,254.0
ARDEE,3540606.0
ARE&M,715755.0
ARENTERP,688.0
ARFIN,1024777.0
ARHAM,42000.0
ARIES,30956.0
ARIHANT,3929.0
ARIHANTACA,2000.0
ARIHANTCAP,63571.0
ARIHANTSUP,3616.0
ARIS,1008272.0
ARKADE,188573.0
ARMANFIN,20481.0
ARMOUR,6000.0
AROGRANITE,9808.0
ARROWGREEN,14246.0
ARSHIYA,300013.0
ARSSBL,123094.0
ARTEMISMED,115013.0
ARTNIRMAN,937.0
ARUNAYA,6000.0
ARVEE,1926.0
ARVIND,838704.0
ARVINDFASN,146160.0
ARVSMART,66987.0
ARYAMAN,125.0
ASAHIINDIA,139150.0
ASAHISONG,22699.0
ASAL,29039.0
ASALCBR,31262.0
ASHALOG,3000.0
ASHAPURMIN,328284.0
ASHIANA,26748.0
ASHIKAG,14217.0
ASHIMASYN,31225.0
ASHOKA,98468036.0
ASHOKAMET,2205.0
ASHOKLEY,14333497.0
ASHWINI,1000.0
ASIANENE,277518.0
ASIANHOTNR,1007905.0
ASIANPAINT,1381178.0
ASIANTILES,6288505.0
ASIANTNE,17485.0
ASKAUTOLTD,943528.0
ASMS,289452.0
ASPINWALL,1677.0
ASSAMENT,4.0
ASTEC,52139.0
ASTERDM,1529874.0
ASTRAL,11516278.0
ASTRAMICRO,240681.0
ASTRAZEN,12698.0
ASTRON,8021.0
ATALREAL,18802850.0
ATAM,6088.0
ATCENERGY,6000.0
ATGL,785690.0
ATHERENERG,19768043.0
ATL,158876.0
ATLANTAA,96457.0
ATLANTAELE,300563.0
ATLASCYCLE,2176.0
ATLPP,3627.0
ATMASTCO,6400.0
ATUL,30069.0
ATULAUTO,80545.0
AUBANK,1482998.0
AUGMONT,17691142.0
AURIONPRO,878794.0
AUROIMPEX,8000.0
AUROPHARMA,2416718.0
AURUM,102847.0
AURUS,4885.0
AUSOMENT,5010.0
AUSTENG,1232.0
AUTOAXLES,2728.0
AUTOBEES,157659.0
AUTOIETF,328281.0
AUTOIND,77051.0
AVADHSUGAR,346445.0
AVALON,519200.0
AVANA,34000.0
AVANCE,4988255.0
AVANTEL,2886095.0
AVANTIFEED,325472.0
AVG,5072.0
AVIANSH,4000.0
AVIENCE,9000.0
AVL,131866.0
AVONMORE,422312.0
AVPINFRA,22400.0
AVROIND,515192.0
AVTNPL,741243.0
AWFIS,432921.0
AWHCL,57967.0
AWL,3438931.0
AXISBANK,6093670.0
AXISCADES,322732.0
AXITA,731568.0
AXTEL,3418.0
AYE,1431106.0
AYMSYNTEX,1511986.0
AZAD,791445.0
AZADIND,52431.0
BABAFP,9600.0
BAFNAPH,29517.0
BAGDIGITAL,35200.0
BAGFILMS,58805.0
BAGMANE,760334.0
BAHETI,16875.0
BAIDFIN,193981.0
BAJAJ-AUTO,355561.0
BAJAJCON,824112.0
BAJAJELEC,115969.0
BAJAJFINSV,724648.0
BAJAJHCARE,333362.0
BAJAJHFL,2146707.0
BAJAJHIND,112387038.0
BAJAJHLDNG,51276.0
BAJAJINDEF,21385.0
BAJAJST,14521.0
BAJEL,352819.0
BAJFINANCE,7002192.0
BALAJEE,15162.0
BALAJIPHOS,2000.0
BALAJITELE,73662.0
BALAMINES,135337.0
BALAXI,21366.0
BALKRISHNA,5295.0
BALKRISIND,9682350.0
BALMLAWRIE,124560.0
BALPHARMA,4820.0
BALRAMCHIN,39555765.0
BALUFORGE,1970291.0
BANARBEADS,4005.0
BANARISUG,5097.0
BANCOINDIA,90971.0
BANDHANBNK,7241191.0
BANG,70524.0
BANK10ADD,146708.0
BANK10BETF,400.0
BANKA,3342.0
BANKADD,12249.0
BANKBARODA,9869595.0
BANKBEES,330803.0
BANKBETA,1553449.0
BANKBETF,14300.0
BANKETF,13854.0
BANKIETF,194471.0
BANKINDIA,8243305.0
BANKNIFTY1,549083.0
BANKPSU,9302.0
BANSALWIRE,42499.0
BANSWRAS,17564.0
BARFLEX,40000.0
BASF,18555.0
BASILIC,72300.0
BASML,66643.0
BATAINDIA,167638.0
BATLIBOI,19052.0
BAWEJA,12800.0
BAYERCROP,42798.0
BBETF0432,244260.0
BBL,11741.0
BBNPNBETF,498.0
BBNPPGOLD,12573.0
BBOX,205424.0
BBTC,225770.0
BBTCL,13829.0
BCG,3934309.0
BCLIND,627573.0
BCONCEPTS,16369.0
BCPL,4145.0
BDL,1109722.0
BEACON,2000.0
BEARDSELL,10973.0
BECTORFOOD,1337079.0
BEDMUTHA,2622.0
BEEKAY,8561.0
BEL,12595864.0
BELLACASA,7235.0
BELRISE,2289847.0
BEML,309387.0
BENARAS,124.0
BENGALASM,1373.0
BEPL,1049586.0
BERGEPAINT,261810.0
BESTAGRO,695136.0
BETA,29195.0
BEWLTD,15000.0
BFINVEST,19489.0
BFSI,176530.0
BFUTILITIE,20993.0
BGLOBAL,32478.0
BGRENERGY,30042.0
BHADORA,73200.0
BHAGCHEM,76174.0
BHAGERIA,147630.0
BHAGYANGR,61537.0
BHANDARI,126528.0
BHARATCOAL,5216106.0
BHARATFORG,779889.0
BHARATGEAR,21675.0
BHARATRAS,8736.0
BHARATSE,109751.0
BHARATWIRE,138057.0
BHARTIARTL,16921326.0
BHARTIHEXA,30386.0
BHEL,9251968.0
BI,27978.0
BIGBLOC,46102.0
BIKAJI,138538.0
BIKEWO,208000.0
BIL,23669.0
BILVYAPAR,2708.0
BIMETAL,298.0
BIOCON,3746419.0
BIOFILCHEM,4444.0
BIOPOL,398400.0
BIRET,467019.0
BIRLACABLE,370744.0
BIRLACORPN,97368.0
BIRLAMONEY,30308.0
BIRLANU,8068.0
BIRLAPREC,150401.0
BLACKBUCK,314299.0
BLACKROSE,14843.0
BLAL,11841.0
BLBLIMITED,114354.0
BLEL,972620.0
BLIL,69018.0
BLISSGVS,746998.0
BLKASHYAP,3061325.0
BLS,2518896.0
BLSE,600668.0
BLUECHIP,21009.0
BLUECLOUDS,2827239.0
BLUECOAST,622.0
BLUEDART,9084.0
BLUEJET,312042.0
BLUESTARCO,383556.0
BLUESTONE,1264097.0
BLUEWATER,10000.0
BLUSPRING,238056.0
BMETRICS,5600.0
BMLL,4000.0
BMWVENTLTD,45382.0
BNAGROCHEM,5244.0
BNALTD,1878.0
BNKETFAXIS,422.0
BODALCHEM,7034891.0
BOHRAIND,18527.0
BOMDYEING,679107.0
BONLON,7102.0
BORANA,14297.0
BOROLTD,476653.0
BORORENEW,691736.0
BOROSCI,42438.0
BOSCH-HCIL,66050.0
BOSCHLTD,60545.0
BPCL,8129191.0
BPL,76877.0
BPLPHARMA,1197.0
BRACEPORT,6400.0
BRAHMINFRA,10845.0
BRANDMAN,21600.0
BRIGADE,345067.0
BRIGHOTEL,83827.0
BRIGHTBR,518.0
BRITANNIA,334255.0
BRNL,26961.0
BROOKS,31613.0
BSE,6123157.0
BSE500IETF,96809.0
BSHSL,9323.0
BSL,2248.0
BSLGOLDETF,408518.0
BSLNIFTY,2045219.0
BSLSENETFG,1747.0
BSOFT,1337468.0
BTML,436429.0
BTTL,1673.0
BUILDPRO,18166.0
BURNPUR,128736.0
BUTTERFLY,13629.0
BVCL,195814.0
BYKE,50534.0
C2C,128100.0
CADSYS,1500.0
CALSOFT,1022450.0
CAMLINFINE,672790.0
CAMPUS,342872.0
CAMS,3784113.0
CANARYS,84000.0
CANBK,15831688.0
CANFINHOME,388045.0
CANHLIFE,7028705.0
CANTABIL,63499.0
CAPACITE,149455.0
CAPILLARY,52919.0
CAPINVIT,203051.0
CAPITALSFB,11675.0
CAPLIPOINT,92549.0
CAPTRUST,15164.0
CARBORUNIV,169772.0
CARERATING,138118.0
CARRARO,559233.0
CARTRADE,358615.0
CARYSIL,56629.0
CASHIETF,122075.0
CASTROLIND,2175158.0
CCAVENUE,11233045.0
CCCL,177208.0
CCHHL,24560.0
CCL,258424.0
CDSL,1190879.0
CEATLTD,96614.0
CEDAAR,43000.0
CEIGALL,334208.0
CEINSYS,47907.0
CELEBRITY,19141.0
CELLECOR,357000.0
CELLO,143419.0
CEMNTGROWW,313180.0
CEMPRO,471498.0
CENTENKA,24609.0
CENTEXT,156217.0
CENTRALBK,4747177.0
CENTRUM,134256.0
CENTUM,55304.0
CENTURYPLY,23462.0
CERA,7710.0
CEREBRAINT,311357.0
CESC,1882069.0
CEWATER,45720.0
CFEL,20524.0
CGCL,3765128.0
CGPOWER,3393030.0
CGRAPHICS,30400.0
CGVAK,3511.0
CHALET,220262.0
CHAMBLFERT,1249117.0
CHANDAN,13600.0
CHAVDA,26000.0
CHEMBOND,9191.0
CHEMBONDCH,9504.0
CHEMCON,30197.0
CHEMCRUX,3114.0
CHEMFAB,1951.0
CHEMICAL,642405.0
CHEMPLASTS,198895.0
CHENNPETRO,1136841.0
CHETANA,6400.0
CHEVIOT,534.0
CHOICEGOLD,5008.0
CHOICEIN,238496.0
CHOLAFIN,1269330.0
CHOLAHLDNG,301101.0
CIEINDIA,311650.0
CIFL,70989.0
CINELINE,22357.0
CINEVISTA,4989.0
CIPLA,977929.0
CITIUSINVT,264307.0
CKKRETAIL,800.0
CLASSICEIL,14400.0
CLAYCRAFT,18600.0
CLCIND,2507.0
CLEAN,176501.0
CLEANMAX,1190401.0
CLEDUCATE,14421.0
CLSEL,200671.0
CLSL,16000.0
CMICABLES,17713.0
CMLL,161525.0
CMNL,6000.0
CMPDI,1389923.0
CMRGREEN,1059352.0
CMRSL,4800.0
CMSINFO,5844296.0
CNL,141110.0
COALINDIA,7827528.0
COASTCORP,99266.0
COCHINSHIP,500188.0
COCKERILL,11090.0
COFFEEDAY,228229.0
COFORGE,2163402.0
COHANCE,677119.0
COLPAL,1166774.0
COMFINTE,355194.0
COMMITTED,7200.0
COMMOIETF,36312.0
COMPEAU,12.0
COMPINFO,8266.0
COMPUSOFT,23330.0
COMSYN,495370.0
CONCOR,1393626.0
CONCORDBIO,188563.0
CONFIPET,3471549.0
CONNPLEX,28000.0
CONS,20699.0
CONSOFINVT,3594.0
CONSUMAXIS,879.0
CONSUMBEES,55372.0
CONSUMER,220619.0
CONSUMIETF,19214.0
CONTI,199980.0
CONTROLPR,19853.0
COOLCAPS,176250.0
CORALFINAC,20590.0
CORDELIA,2331574.0
CORDSCABLE,1002836.0
COROMANDEL,211753.0
CORONA,9583.0
COSMOFIRST,41227.0
COUNCODOS,95007.0
CPCAP,11262.0
CPEDU,3847.0
CPL,125766.0
CPPLUS,360510.0
CPS,300.0
CPSEETF,562670.0
CRAFTSMAN,221148.0
CRAMC,191459.0
CRAVATEX,310.0
CRAYONS,2000.0
CREATIVEYE,3265.0
CREDENT,58200.0
CREDITACC,349179.0
CREST,374.0
CRISIL,120068.0
CRIZAC,322843.0
CROMPTON,4555785.0
CROWN,55244.0
CRSL,457283.0
CSBBANK,289781.0
CSLFINANCE,149634.0
CSM,71259.0
CSSL,5000.0
CTE,33503.0
CUB,4962483.0
CUBEINVIT,992471.0
CUBEXTUB,38319.0
CUDML,8000.0
CUMMINSIND,507241.0
CUPID,10862737.0
CURAA,55.0
CURIS,55000.0
CURRENT,8000.0
CYBERMEDIA,8813.0
CYBERTECH,7092.0
CYIENT,2546454.0
CYIENTDLM,731178.0
DABUR,3273736.0
DAICHI,3220.0
DALBHARAT,2142193.0
DALMIASUG,999987.0
DAMCAPITAL,138884.0
DAMODARIND,1154.0
DANGEE,20642.0
DANISH,24600.0
DATAMATICS,32091.0
DATAPATTNS,415391.0
DAVANGERE,34200594.0
DBCORP,65127.0
DBEIL,66966.0
DBL,55063.0
DBOL,375959.0
DBREALTY,6152381.0
DBSTOCKBRO,12249.0
DCAL,679947.0
DCBBANK,1777630.0
DCCL,4000.0
DCG,32400.0
DCI,1112591.0
DCM,19369.0
DCMFINSERV,2942.0
DCMNVL,14590.0
DCMSHRIRAM,139898.0
DCMSIL,79938.0
DCMSRIND,188922.0
DCW,1141718.0
DCXINDIA,258665.0
DDEVPLSTIK,86584.0
DECCANCE,38907.0
DECNGOLD,802968.0
DEEDEV,436943.0
DEEM,1000.0
DEEP,6374.0
DEEPAKFERT,664993.0
DEEPAKNTR,250033.0
DEEPINDS,307643.0
DEFENCE,416359.0
DELAPLEX,13800.0
DELHIVERY,2285757.0
DELPHIFX,119439.0
DELTACORP,589326.0
DELTAMAGNT,3371.0
DELTIC,5000.0
DEN,767497.0
DENEERS,24600.0
DENORA,1243.0
DENTA,203329.0
DENTALKART,25750.0
DEVIT,24346.0
DEVX,243960.0
DEVYANI,3255235.0
DGCONTENT,202212.0
DHABRIYA,6687.0
DHAMPURSUG,2505634.0
DHANBANK,407420.0
DHANSA,12000.0
DHANUKA,10318.0
DHARAN,46153572.0
DHARIWAL,252000.0
DHARMAJ,33880.0
DHATRE,52549.0
DHOOTTRANS,3124844.0
DHRUV,6291.0
DHUNINV,1637.0
DIACABS,598429.0
DIAMINESQ,4094.0
DIAMONDYD,14535.0
DICIND,7259.0
DIFFNKG,7817913.0
DIGIDRIVE,7363.0
DIGIKORE,96800.0
DIGISPICE,33319.0
DIGITIDE,170784.0
DIGJAMLMTD,5414.0
DIL,341881.0
DISAQ,302.0
DISHTV,1099115.0
DIVGIITTS,81341.0
DIVIDEND,5984.0
DIVINEHIRA,10800.0
DIVISLAB,680805.0
DIVOPPBEES,32625.0
DIXON,190912.0
DJML,140150.0
DKEGL,9000.0
DLF,3152072.0
DLINKINDIA,40846.0
DMART,546671.0
DMCC,67450.0
DNAMEDIA,46214.0
DODLA,59197.0
DOLATALGO,137478.0
DOLLAR,74760.0
DOLLEX,92000.0
DOLPHIN,93088.0
DOMS,184944.0
DONEAR,8432.0
DPABHUSHAN,10619.0
DPEL,19000.0
DPSCLTD,73940.0
DPWIRES,7269.0
DRAGARWQ,1718.0
DRCSYSTEMS,223641.0
DREAMFOLKS,35602.0
DREDGECORP,174335.0
DRONE,148500.0
DRREDDY,2001757.0
DSFCL,31543.0
DSSL,28392.0
DTIL,17196.0
DUCOL,26400.0
DUCON,2413103.0
DUGLOBAL,10000.0
DURLAX,82000.0
DVL,14839.0
DWARKESH,8163536.0
DYCL,1249206.0
DYNAMATECH,29910.0
DYNAMIC,6000.0
DYNPRO,10873.0
E2E,310124.0
E2ERAIL,133600.0
EASEMYTRIP,6696471.0
EASTSILK,1485.0
EASTWEST,55441.0
EBANK10,1751.0
EBANKNIFTY,1241.0
EBBETF0430,4787.0
EBBETF0431,4747.0
EBBETF0433,1804.0
EBGNG,424867.0
EBIX,151139.0
ECAPINSURE,33181.0
ECLERX,1175626.0
ECORECO,13571.0
ECOSMOBLTY,136206.0
EDELWEISS,5879760.0
EDUCOMP,51387.0
EEPL,21000.0
EFACTOR,4800.0
EFCIL,1262384.0
EFFWA,16400.0
EFORCE,32400.0
EGOLD,415803.0
EICHERMOT,742794.0
EIDPARRY,976526.0
EIEL,1014824.0
EIFFL,242.0
EIHAHOTELS,9440.0
EIHOTEL,670027.0
EIMCOELECO,24982.0
EKC,103207.0
EKI,13208.0
ELANTAS,1234.0
ELCIDIN,5.0
ELDEHSG,3261.0
ELECON,369638.0
ELECTCAST,5674123.0
ELECTHERM,12209.0
ELGIEQUIP,394792.0
ELGIRUBCO,43838.0
ELGNZ,4000.0
ELIN,148734.0
ELIQUID,1824.0
ELITECON,689853.0
ELLEN,381459.0
ELM250,155171.0
ELMDIV,11995.0
ELPROINTL,21712.0
EMAMILTD,2282719.0
EMAMIPAP,36479.0
EMAMIREAL,10252.0
EMAPARTNER,16000.0
EMBASSY,1208586.0
EMBDL,13080954.0
EMCURE,99105.0
EMETAL,9937.0
EMIL,1214913.0
EMKAY,86725.0
EMKAYTOOLS,1050.0
EMMBI,44404.0
EMMIL,3500.0
EMMVEE,2346246.0
EMPIND,5938.0
EMPOWER,10262389.0
EMSLIMITED,160749.0
EMUDHRA,62226.0
EMULTIMQ,16057.0
ENCOMPAS,1200.0
ENDURANCE,113419.0
ENERGY,403824.0
ENERGYDEV,19918.0
ENEXT50,2373.0
ENGINERSIN,6249458.0
ENIFTY,21084.0
ENIL,22978.0
ENKEIWHEL,1579.0
ENRIN,688153.0
ENSER,85000.0
ENTERO,638557.0
ENVIRO,12000.0
EPACK,621893.0
EPACKPEB,291830.0
EPIGRAL,42877.0
EPL,6325246.0
EPWINDIA,9600.0
EQUAL200,12430.0
EQUAL50,3702.0
EQUAL50ADD,8577.0
EQUIPPP,6334.0
EQUITASBNK,1171420.0
ERIS,73560.0
ESABINDIA,4019.0
ESAFSFB,415246.0
ESCONET,20800.0
ESCORTS,102145.0
ESENSEX,168.0
ESFL,11880.0
ESG,3882.0
ESILVER,127997.0
ESPRIT,8000.0
ESSARSHPNG,168541.0
ESSENTIA,10180112.0
ESTER,81352.0
ETERNAL,272151922.0
ETHOSLTD,36025.0
ETL,1050.0
ETML,12000.0
EUREKAFORB,117954.0
EUROBOND,1967.0
EUROPRATIK,216234.0
EVEREADY,73068.0
EVERESTIND,16400.0
EVIETF,146634.0
EVINDIA,231319.0
EXCELINDUS,11674.0
EXCELLENT,1600.0
EXCELSOFT,229162.0
EXICOM,1245937.0
EXIDEIND,2568311.0
EXIMROUTES,9600.0
EXPLEOSOL,12274.0
EXXARO,2307853.0
FABTECH,76646.0
FACT,159589.0
FAIRCHEMOR,6085.0
FALCONTECH,8400.0
FASCINATE,10400.0
FAZE3Q,15371.0
FCL,17237022.0
FCONSUMER,1756794.0
FCSSOFT,2528833.0
FDC,214510.0
FEDDERSHOL,814235.0
FEDERALBNK,6824404.0
FEDFINA,702951.0
FEL,449306.0
FELDVR,10172.0
FELIX,41000.0
FERMENTA,85965.0
FIBERWEB,14920.0
FIDEL,1000.0
FIEMIND,80331.0
FILATEX,2948990.0
FILATFASH,28226880.0
FINBUD,10000.0
FINCABLES,1132169.0
FINEORG,47274.0
FINIETF,294308.0
FINKURVE,221026.0
FINOPB,138073.0
FINPIPE,772113.0
FIRSTCRY,4708838.0
FISCHER,350561.0
FIVESTAR,660117.0
FLAIR,29800.0
FLEXIADD,74132.0
FLEXITUFF,34065.0
FLFL,47663.0
FLUOROCHEM,202388.0
FLYSBS,75200.0
FMCGADD,34359.0
FMCGIETF,1598727.0
FMGOETZE,8525284.0
FMNL,26581.0
FOCE,10080.0
FOCUS,71490.0
FONEBOX,3000.0
FOODSIN,154105.0
FORCAS,72000.0
FORCEMOT,87388.0
FORGEAUTO,12000.0
FORTIS,2197250.0
FOSECOIND,35796.0
FRACTAL,752343.0
FREDUN,20616.0
FRESHARA,22200.0
FROG,72800.0
FRONTSP,10684.0
FSL,734778.0
FUSION,371492.0
FWSTC,5400.0
GABRIEL,896312.0
GAEL,2235760.0
GAIL,13012294.0
GAJA,3306446.0
GALAPREC,30534.0
GALAXYSURF,34392.0
GALLANTT,49530.0
GANDHAR,664788.0
GANDHITUBE,10227.0
GANECOS,69988.0
GANESHBE,193232.0
GANESHCP,126452.0
GANESHHOU,87674.0
GANESHIN,44000.0
GANGABATH,24000.0
GANGAFORGE,13742610.0
GANGESSECU,989.0
GARFIBRES,53462.0
GARUDA,331237.0
GATECH,171170871.0
GATECHDVR,1242897.0
GATEWAY,1735133.0
GAUDIUMIVF,354347.0
GAYAHWS,1363160.0
GAYAPROJ,442946.0
GCHOTELS,96000.0
GCSL,995664.0
GEECEE,5222.0
GEEKAYWIRE,1394182.0
GEMAROMA,39622.0
GENCON,869699.0
GENESYS,840932.0
GENSOL,48644.0
GENUSPAPER,36934.0
GENUSPOWER,3925702.0
GENXAI,10800.0
GEOJITFSL,465538.0
GESHIP,1373286.0
GFLLIMITED,43732.0
GFSTEELS,1500.0
GGBL,34800.0
GHCL,415533.0
GHCLTEXTIL,1321896.0
GICHSGFIN,47553.0
GICL,96893.0
GICRE,1071759.0
GILLANDERS,8485.0
GILLETTE,15184.0
GILT10BETA,5611.0
GILT5BETA,151.0
GILT5YBEES,100683.0
GINNIFILA,83560.0
GIPCL,639477.0
GIRIRAJ,3500.0
GJL,4000.0
GKB,773.0
GKENERGY,465409.0
GKSL,1797181.0
GKWLIMITED,1073.0
GLAND,370779.0
GLAXO,205702.0
GLENMARK,911026.0
GLFL,5931.0
GLOBAL,106139.0
GLOBALE,239.0
GLOBALPET,2250.0
GLOBALVECT,12825.0
GLOBE,1193799.0
GLOBECIVIL,120301.0
GLOBUSSPR,57967.0
GLOSTERLTD,732.0
GLOTTIS,27416.0
GMBREW,34709.0
GMDCLTD,549539.0
GMMPFAUDLR,272965.0
GMRAIRPORT,59724643.0
GMRP&UI,9225026.0
GNA,305513.0
GNFC,616752.0
GNRL,89338.0
GOACARBON,14913.0
GOCLCORP,31601.0
GOCOLORS,83043.0
GODAVARIB,107966.0
GODFRYPHLP,182819.0
GODIGIT,315646.0
GODREJAGRO,353606.0
GODREJCP,1151139.0
GODREJIND,71624.0
GODREJPROP,707158.0
GOKEX,265633.0
GOKUL,162789.0
GOKULAGRO,382544.0
GOLD1,3006998.0
GOLD360,25721.0
GOLDADD,16889621.0
GOLDAXIS,9347735.0
GOLDBEES,48850744.0
GOLDBETA,914843.0
GOLDBND,10111.0
GOLDCASE,14675221.0
GOLDENTOBC,1154.0
GOLDETF,1500121.0
GOLDIAM,631597.0
GOLDIETF,9466193.0
GOLDKART,1250.0
GOLDSTAR,11250.0
GOLDTECH,24454.0
GOODLUCK,976542.0
GOODYEAR,7100.0
GOPAL,136538.0
GOYALALUM,52681.0
GOYALSALT,21000.0
GPECO,9800.0
GPIL,2891684.0
GPPL,3304295.0
GPTHEALTH,68251.0
GPTINFRA,71885.0
GRADIENTE,1371007.0
GRANDOAK,2875.0
GRANULES,786881.0
GRAPHISAD,13200.0
GRAPHITE,852777.0
GRASIM,1019104.0
GRAUWEIL,363479.0
GRAVISSHO,187.0
GRAVITA,228359.0
GRCL,500.0
GREAVESCOT,1414011.0
GREENCHEF,10400.0
GREENLAM,39636.0
GREENLEAF,6000.0
GREENPANEL,134878.0
GREENPLY,188111.0
GREENPOWER,3004623.0
GRETEX,750.0
GRINDWELL,19350.0
GRINFRA,21324.0
GRMOVER,1150228.0
GROBTEA,1355.0
GROWW,235495223.0
GROWWCAPM,440075.0
GROWWCHEM,64398.0
GROWWDEFNC,224067.0
GROWWEV,218423.0
GROWWGOLD,3768984.0
GROWWHOSPI,706664.0
GROWWLIQID,190001.0
GROWWLOVOL,6962.0
GROWWMC150,579.0
GROWWMETAL,606601.0
GROWWMOM50,500570.0
GROWWN200,45158.0
GROWWNET,786689.0
GROWWNIFTY,766113.0
GROWWNXT50,5776.0
GROWWPOWER,5386633.0
GROWWPSE,2646.0
GROWWPSUBK,1481.0
GROWWRAIL,1643909.0
GROWWRLTY,443205.0
GROWWSC250,217074.0
GROWWSLVR,2404223.0
GRPLTD,410.0
GRSE,393623.0
GRWRHITECH,46301.0
GSEC10ABSL,205.0
GSEC10ADD,1245.0
GSEC10IETF,899.0
GSEC10YEAR,1546.0
GSEC5IETF,19626.0
GSFC,778578.0
GSLSU,282182.0
GSMFOILS,59000.0
GSPCROP,153052.0
GSS,37707.0
GSTL,8000.0
GTECJAINX,3038.0
GTL,314684.0
GTLINFRA,47942226.0
GTPL,197142.0
GUFICBIO,166583.0
GUJALKALI,80924.0
GUJAPOLLO,6818.0
GUJENERGY,2189326.0
GUJRAFFIA,3355.0
GUJTHEM,665567.0
GULFOILLUB,100957.0
GULFPETRO,267461.0
GULPOLY,149630.0
GURUNANAK,12800.0
GVKPIL,978067.0
GVPIL,265179.0
GVPTECH,623315.0
GVT&D,850283.0
GYFTR,659877.0
HAL,681564.0
HALDER,24971.0
HALDYNGL,86871.0
HALEOSLABS,700.0
HAMPTON,25750.0
HAPPSTMNDS,1878980.0
HAPPY,76000.0
HAPPYFORGE,241750.0
HARDWYN,3840229.0
HARIOMPIPE,101385.0
HARRMALAYA,7805.0
HARSHA,460199.0
HATHWAY,2227419.0
HATSUN,90965.0
HAVELLS,986855.0
HAVISHA,52919.0
HAWKINCOOK,826.0
HAZOOR,319595.0
HBESD,1823.0
HBLENGINE,782084.0
HBPOR,1196.0
HBSL,3564.0
HCC,41845918.0
HCG,264044.0
HCL-INSYS,424928.0
HCLTECH,3125051.0
HDBFS,213407.0
HDFCAMC,835216.0
HDFCBANK,78157067.0
HDFCBSE500,6680643.0
HDFCGOLD,4601204.0
HDFCGROWTH,16139.0
HDFCLIFE,3683600.0
HDFCLIQUID,29229.0
HDFCLOWVOL,12455.0
HDFCMID150,293227.0
HDFCMOMENT,196089.0
HDFCNEXT50,158041.0
HDFCNIF100,54567.0
HDFCNIFBAN,33490.0
HDFCNIFIT,201040.0
HDFCNIFTY,290274.0
HDFCNIMEG,23975.0
HDFCPSUBK,17618.0
HDFCPVTBAN,182077.0
HDFCQUAL,16283.0
HDFCSENSEX,55664.0
HDFCSILVER,4903606.0
HDFCSML250,1468062.0
HDFCVALUE,3551.0
HDIL,82861.0
HEADSUP,3091.0
HEALTHADD,21183.0
HEALTHAXIS,4479.0
HEALTHCARE,43575.0
HEALTHIETF,110950.0
HEALTHX,2173.0
HEALTHY,232876.0
HECPROJECT,9218.0
HEG,889024.0
HEIDELBERG,257731.0
HEMIPROP,184752.0
HERANBA,32428.0
HERITGFOOD,295270.0
HEROMOTOCO,485204.0
HESTERBIO,1905.0
HEXAGON,171956.0
HEXATRADEX,428.0
HEXT,200168.0
HFCL,16617911.0
HGINFRA,60402.0
HGM,3659.0
HGS,18554.0
HIGREEN,4800.0
HIKAL,320355.0
HILINFRA,60409.0
HILTON,64609.0
HIMATSEIDE,692262.0
HINDADH,1233.0
HINDALCO,5759006.0
HINDALUMI,14308.0
HINDCOMPOS,1966.0
HINDCON,70524.0
HINDCOPPER,8811548.0
HINDOILEXP,202887.0
HINDPETRO,7728957.0
HINDUNILVR,1800025.0
HINDWAREAP,106120.0
HINDZINC,8585078.0
HIRECT,32439.0
HISARMETAL,4308.0
HITECH,781287.0
HITECHCORP,11521.0
HITECHGEAR,2758.0
HLEGLAS,70780.0
HLVLTD,126898.0
HMAAGRO,4079732.0
HMT,16295.0
HMVL,2383.0
HNDFDS,148418.0
HNGSNGBEES,85512.0
HOACFOODS,3750.0
HOLMARC,6750.0
HOMEFIRST,220000.0
HOMESFY,600.0
HONASA,1503528.0
HONAUT,12171.0
HONDAPOWER,2579.0
HORIZONIND,7670563.0
HPAL,47825.0
HPIL,824.0
HPL,73480.0
HPTL,1800.0
HRHNEXT,9000.0
HRYNSHP,830.0
HSBCGOLD,116741.0
HSCL,4860217.0
HTMEDIA,70171.0
HUBTOWN,180263.0
HUDCO,4500235.0
HUHTAMAKI,136898.0
HVAX,600.0
HYBRIDETF,23784.0
HYBRIDFIN,2454.0
HYUNDAI,619880.0
IBLFL,2000.0
IBULLSLTD,5301576.0
ICDSLTD,548.0
ICELCO,80400.0
ICEMAKE,23389.0
ICICIAMC,688005.0
ICICIB22,244027.0
ICICIBANK,15331697.0
ICICIGI,1409815.0
ICICIPRULI,3462285.0
ICIL,2744850.0
ICRA,124239.0
IDBI,6742579.0
IDEA,419238465.0
IDEAFORGE,225516.0
IDENTICAL,6000.0
IDFCFIRSTB,19780056.0
IDFNIFTYET,2515.0
IEML,11500.0
IEX,3053129.0
IFBAGRO,5786.0
IFBIND,23664.0
IFCI,50607497.0
IFGLEXPOR,13790.0
IGARASHI,29408.0
IGCL,77009.0
IGIL,386651.0
IGL,5205064.0
IGPL,131004.0
IIFL,1485055.0
IIFLCAPS,428778.0
IITL,103135.0
IKIO,1279645.0
IKS,285121.0
IL&FSENGG,32215.0
IL&FSTRANS,53714.0
IMAGICAA,1274443.0
IMFA,138576.0
IMPAL,1377.0
IMPEXFERRO,26316.0
INA,293357.0
INCREDIBLE,11733.0
INDBANK,11287.0
INDGN,3972278.0
INDHOTEL,5220998.0
INDIACEM,424393.0
INDIAGLYCO,513156.0
INDIAMART,79285.0
INDIANB,1651759.0
INDIANCARD,1010.0
INDIANHUME,14633.0
INDIASHLTR,94560.0
INDIFRA,4000.0
INDIGO,559798.0
INDIGOPNTS,43048.0
INDIGRID,715253.0
INDIQUBE,34262.0
INDNIPPON,14139.0
INDOAMIN,34995.0
INDOBORAX,263866.0
INDOCO,146872.0
INDOFARM,84186.0
INDOKEM,1374.0
INDOMIM,1025680.0
INDORAMA,1880656.0
INDOSTAR,874311.0
INDOTECH,11815.0
INDOTHAI,132627.0
INDOUS,2907.0
INDOWIND,86864.0
INDPRUD,54.0
INDRAMEDCO,166493.0
INDSWFTLAB,667877.0
INDTERRAIN,21689.0
INDUSINDBK,1476566.0
INDUSINVIT,158770.0
INDUSTOWER,5410734.0
INFINIUM,5000.0
INFLUX,52200.0
INFOBEAN,1937855.0
INFOLLION,1200.0
INFOMEDIA,2914.0
INFRA,70547.0
INFRABEES,7194.0
INFRAIETF,13176892.0
INFY,8808120.0
INGERRAND,54154.0
INNOMET,18000.0
INNOVACAP,105170.0
INNOVANA,2326.0
INNOVISION,344387.0
INOXGREEN,819416.0
INOXINDIA,325080.0
INOXWIND,12489778.0
INSECTICID,53856.0
INSPIRISYS,8761.0
INSUREIETF,708490.0
INTEGRITY,3600.0
INTELLECT,352523.0
INTENTECH,16191.0
INTERARCH,60639.0
INTERNET,236363.0
INTLCONV,109955.0
INVENTURE,525311.0
INVICTA,11200.0
INVPRECQ,2949.0
IOB,2323365.0
IOC,14038943.0
IOLCP,2853525.0
IONEXCHANG,120992.0
IPCALAB,357067.0
IPHL,18000.0
IPL,76444.0
IPRINGLTD,16074.0
IRB,39531560.0
IRBINVIT,1160671.0
IRCON,1491825.0
IRCTC,596415.0
IREDA,3402439.0
IRFC,8457431.0
IRIS,44482.0
IRISDOREME,378733.0
IRMENERGY,114488.0
ISFT,124345.0
ISGEC,69348.0
ISHAN,1056000.0
ISHANCH,60302.0
ISTLTD,1071.0
IT,174288.0
ITADD,21039.0
ITALIANE,14000.0
ITAXIS,1689.0
ITBEES,8469973.0
ITBETA,405.0
ITC,24575845.0
ITCHOTELS,2138675.0
ITDC,92714.0
ITETF,174913.0
ITI,143544.0
ITIETF,884965.0
ITL,2353.0
IVALUE,240038.0
IVC,1801813.0
IVP,55043.0
IVZBANKNF,2056.0
IVZINGOLD,69973.0
IVZINNIFTY,777.0
IVZSENSEX,7330.0
IWARE,10800.0
IWP,1015.0
IXIGO,979684.0
IZMO,46858.0
J&KBANK,2266184.0
JAGRAN,280785.0
JAGSNPHARM,235599.0
JAIBALAJI,4088355.0
JAICORPLTD,307790.0
JAINREC,1224859.0
JAIPURKURT,12639.0
JAMNAAUTO,1049835.0
JARO,124160.0
JASH,114015.0
JAYAGROGN,18470.0
JAYBARMARU,225464.0
JAYBEE,36000.0
JAYESH,12000.0
JAYKAY,266234.0
JAYNECOIND,2575057.0
JAYSREETEA,132744.0
JBMA,323494.0
JENBURPH,676.0
JETFREIGHT,156445.0
JEYYAM,18000.0
JFLLIFE,6000.0
JGCHEM,550496.0
JHS,81083.0
JINDALPHOT,856.0
JINDALPOLY,8853.0
JINDALSAW,2370636.0
JINDALSTEL,781759.0
JINDRILL,139375.0
JINDWORLD,6010851.0
JIOFIN,22007832.0
JISLDVREQS,7696.0
JISLJALEQS,1284920.0
JITFINFRA,13704.0
JIWANRAM,42000.0
JKCEMENT,44810.0
JKIL,84545.0
JKIPL,175236.0
JKLAKSHMI,175521.0
JKPAPER,270778.0
JKTYRE,459606.0
JLHL,592428.0
JMA,21086.0
JMFINANCIL,2912872.0
JNKINDIA,85768.0
JNPR,1279179.0
JOCIL,3262.0
JPOLYINVST,5196.0
JPPOWER,52936878.0
JSFB,517584.0
JSL,994727.0
JSLL,595768.0
JSWCEMENT,1280096.0
JSWDULUX,23185.0
JSWENERGY,5957635.0
JSWHL,10505.0
JSWINFRA,782174.0
JSWSTEEL,1981744.0
JTEKTINDIA,140452.0
JTLIND,6446492.0
JUBLCPL,34830.0
JUBLFOOD,1471448.0
JUBLINGREA,652427.0
JUBLPHARMA,231665.0
JUNIORBEES,371018.0
JUNIPER,276987.0
JUSTDIAL,1918706.0
JWL,481503.0
JYOTHYLAB,931930.0
JYOTICNC,1082315.0
JYOTIRES,9887.0
JYOTISTRUC,5122475.0
K2INFRA,15000.0
KABRAEXTRU,208624.0
KAJARIACER,541157.0
KAKATCEM,2670.0
KALAMANDIR,173816.0
KALANA,8000.0
KALPATARU,23452.0
KALYANIFRG,60208.0
KALYANKJIL,4778980.0
KAMAHOLD,2399.0
KAMANWALA,280.0
KAMATHOTEL,115926.0
KAMDHENU,681405.0
KAMOPAINTS,269308.0
KANANIIND,308743.0
KANCHI,3220.0
KANCOTEA,21.0
KANORICHEM,25870.0
KANPRPLA,13338.0
KANSAINER,145647.0
KAPSTON,214986.0
KARMAENG,2489.0
KARNIKA,30000.0
KARURVYSYA,1814597.0
KATARIA,5400.0
KAUSHALYA,205.0
KAVDEFENCE,92104.0
KAYA,6342.0
KAYNES,2144603.0
KAYTEX,9600.0
KCEIL,6500.0
KCK,190000.0
KCP,135296.0
KCPSUGIND,153670.0
KDDL,14881.0
KDL,90300.0
KEC,715932.0
KECL,206266.0
KEEPLEARN,9193.0
KEI,297706.0
KELLTONTEC,4180309.0
KEN,3600.0
KENNAMET,38870.0
KERNEX,169404.0
KESORAMIND,151658.0
KEYFINSERV,878.0
KFINTECH,1020676.0
KHADIM,24195.0
KHAICHEM,204868.0
KHAITANLTD,4745.0
KHANDSE,1160.0
KICL,260.0
KILITCH,27456.0
KIMS,735694.0
KINGFA,9546.0
KIOCL,67427.0
KIRANVYPAR,14004.0
KIRIINDUS,3059050.0
KIRLFER,74624.0
KIRLOSBROS,27515.0
KIRLOSENG,414064.0
KIRLOSIND,4670.0
KIRLPNU,116349.0
KISSHT,722180.0
KITEX,286359.0
KJMCFIN,270.0
KKCL,17590.0
KKJEWELS,4000.0
KLBRENG-B,556586.0
KMCSHIL,125433.0
KMEW,197892.0
KMSUGAR,554748.0
KNACK,372016.0
KNAGRI,7484.0
KNRCON,3134063.0
KODYTECH,92700.0
KOHINOOR,118577.0
KOKUYOCMLN,48839.0
KOLTEPATIL,57327.0
KONSTELEC,82000.0
KONTOR,3000.0
KOPRAN,1881351.0
KORE,10500.0
KOTAKBANK,18992797.0
KOTARISUG,238890.0
KOTHARIPET,56225.0
KOTHARIPRO,12030.0
KOTIC,15735.0
KOTYARK,203917.0
KOVAI,8540.0
KPEL,166524.0
KPIGREEN,749825.0
KPIL,219589.0
KPITTECH,2324629.0
KPL,16351.0
KPRMILL,909149.0
KRBL,731450.0
KREBSBIO,2334.0
KRIDHANINF,15820.0
KRISHANA,584116.0
KRISHCA,42500.0
KRISHIVAL,17652.0
KRISHNADEF,186259.0
KRITI,36883.0
KRITIKA,150610.0
KRITINUT,8623.0
KRMAYURVED,72000.0
KRN,416684.0
KRONOX,250550.0
KROSS,295238.0
KRSNAA,47620.0
KRT,12687573.0
KRYSTAL,8945.0
KSB,514414.0
KSCL,187852.0
KSE,18660.0
KSHINTL,199894.0
KSHITIJ-RE,2763108.0
KSHITIJPOL,879511.0
KSL,126318.0
KSOLVES,28034.0
KSR,54412.0
KTKBANK,4358321.0
KUANTUM,78578.0
KUSUMGAR,363568.0
KWIL,18674540.0
LADDERUP,48.0
LAGNAM,1204.0
LAHOTIOV,820.0
LAKPRE,2410.0
LAKSHMIMIL,21.0
LAKSHYA,2400.0
LAL,134099.0
LALITHAA,9443545.0
LALPATHLAB,157780.0
LAMBODHARA,30356.0
LAMOSAIC,63600.0
LANCER,3208132.0
LANCORHOL,319310.0
LANDMARK,112656.0
LANDSMILL,1498207.0
LAOPALA,159255.0
LARGEMID50,232544.0
LASA,36812.0
LASERPOWER,538005.0
LATENTVIEW,2244730.0
LATTEYS,69836.0
LAURUSLABS,30995343.0
LAXMICOT,36920.0
LAXMIDENTL,137145.0
LAXMIINDIA,339636.0
LCCINFOTEC,40734.0
LCL,317066.0
LEAPIND,7393714.0
LEENEE,44248.0
LEMERITE,176420.0
LEMONTREE,4742751.0
LENSKART,111714980.0
LEXUS,217521.0
LFIC,1765.0
LGBBROSLTD,20323.0
LGEINDIA,565245.0
LGHL,9019.0
LIBAS,121561.0
LIBERTSHOE,6057.0
LICHSGFIN,3367439.0
LICI,7463242.0
LICMFGOLD,184092.0
LICNETFGSC,15996.0
LICNETFN50,161.0
LICNETFSEN,7.0
LICNFNHGP,239.0
LICNMID100,6377.0
LIKHITHA,31624.0
LINC,11893.0
LINCOLN,30631.0
LINDEINDIA,26826.0
LIQGRWBEES,24661.0
LIQUID,43589.0
LIQUID1,805832.0
LIQUIDADD,261426.0
LIQUIDBEES,2735032.0
LIQUIDBETA,1231.0
LIQUIDBETF,574214.0
LIQUIDCASE,18542895.0
LIQUIDETF,125941.0
LIQUIDIETF,815952.0
LIQUIDPLUS,488269.0
LIQUIDSBI,743.0
LIQUIDSHRI,1966.0
LKPSEC,7031.0
LLOYDSENGG,9719782.0
LLOYDSENT,2230337.0
LLOYDSME,450097.0
LMW,23753.0
LODHA,2185679.0
LOKESHMACH,351870.0
LORDSCHLO,6826.0
LOTUSCHO,9848.0
LOTUSDEV,229344.0
LOTUSEYE,25250.0
LOVABLE,16889.0
LOWVOL,5097.0
LOWVOL1,98483.0
LOWVOLIETF,3212428.0
LOYALTEX,214.0
LPDC,53484.0
LRRPL,1500.0
LT,1553171.0
LTF,4489382.0
LTFOODS,1011116.0
LTGILTBEES,993548.0
LTGILTCASE,120693.0
LTM,344374.0
LTTS,685826.0
LUMAXIND,22681.0
LUMAXTECH,452857.0
LUPIN,1010826.0
LUXIND,38797.0
LXCHEM,768172.0
LYKALABS,3385.0
M&M,3613080.0
M&MFIN,1571593.0
MAANALU,80744.0
MACOBSTECH,4800.0
MACPOWER,50074.0
MADHAV,1684.0
MADHAVBAUG,6000.0
MADHAVIPL,100649.0
MADHUCON,34967.0
MADHUSUDAN,20000.0
MADRASFERT,73973.0
MAFANG,205427.0
MAFATIND,10463.0
MAGADSUGAR,77937.0
MAGNUM,6343.0
MAGSON,7000.0
MAHABANK,13734000.0
MAHAPEXLTD,19709.0
MAHASTEEL,37097.0
MAHEPC,55864.0
MAHESHWARI,34569.0
MAHKTECH,689321.0
MAHLIFE,110729.0
MAHLOG,128678.0
MAHSCOOTER,7564.0
MAHSEAMLES,393023.0
MAITHANALL,30417.0
MAITREYA,8400.0
MAJESAUT,3218.0
MAKEINDIA,47618.0
MAKERSL,13591.0
MAKS,18000.0
MALLCOM,1666.0
MALUPAPER,4558.0
MAMATA,77485.0
MANAKALUCO,115255.0
MANAKCOAT,353301.0
MANAKSIA,47565.0
MANAKSTEEL,80576.0
MANALIPETC,73402171.0
MANAPPURAM,4825226.0
MANAV,12000.0
MANBA,63369.0
MANBRO,139546.0
MANCREDIT,249942.0
MANDEEP,50000.0
MANGALAM,20199.0
MANGLMCEM,261791.0
MANINDS,486506.0
MANINFRA,2592923.0
MANIPALHOS,1043905.0
MANKIND,391957.0
MANOMAY,70308.0
MANORAMA,442413.0
MANORG,14191.0
MANUFGBEES,4643.0
MANUGRAPH,32539.0
MANYAVAR,365032.0
MAPMYINDIA,706255.0
MARALOVER,3143.0
MARATHON,205782.0
MARCO,18000.0
MARICO,3971812.0
MARINE,1844097.0
MARKOLINES,315129.0
MARKSANS,2486251.0
MARSONS,2858394.0
MARUTI,443131.0
MASFIN,1801135.0
MASKINVEST,172.0
MASON,4500.0
MASPTOP50,181151.0
MASTEK,1576060.0
MASTER,500.0
MASTERTR,194239.0
MATRIMONY,12218.0
MAWANASUG,715571.0
MAXESTATES,887005.0
MAXHEALTH,1685171.0
MAXIND,34695.0
MAXVOLT,21200.0
MAYURUNIQ,50403.0
MAZDA,36774.0
MAZDOCK,607734.0
MBAPL,458732.0
MBEL,140164.0
MBLINFRA,14106.0
MCCHRLS-B,41.0
MCL,48171.0
MCLEODRUSS,311078.0
MCLOUD,2438558.0
MCON,11000.0
MCX,2802136.0
MEDANTA,246468.0
MEDIASSIST,109305.0
MEDICAMEQ,109301.0
MEDICAPQ,101.0
MEDICO,220022.0
MEDIORG,6000.0
MEDISTEP,18000.0
MEDPLUS,72278.0
MEESHO,12726384.0
MEGAFLEX,1000.0
MEGASTAR,809.0
MEGATHERM,21600.0
MEIL,65021.0
MENNPIS,84935.0
MENONBE,60959.0
MEP,44831.0
MERCURYEV,80285.0
METAL,2235145.0
METALIC,182400.0
METALIETF,6745132.0
METROBRAND,9799.0
METROGLOBL,259.0
METROPOLIS,415667.0
MFML,716.0
MFSL,389651.0
MGEL,76522.0
MGL,248071.0
MGSL,12000.0
MHLXMIRU,4660.0
MHRIL,128032.0
MICEL,536276.0
MICROPRO,1600.0
MID150,63322.0
MID150BEES,586198.0
MID150CASE,1533526.0
MIDBANKADD,10234.0
MIDCAP,418792.0
MIDCAPADD,2957500.0
MIDCAPBETA,1023.0
MIDCAPETF,3710252.0
MIDCAPIETF,726756.0
MIDHANI,420195.0
MIDQ50ADD,41401.0
MIDSELIETF,169075.0
MIDSMALL,261744.0
MIDWESTLTD,10061.0
MIEL,6000.0
MIIL,85795.0
MILKYMIST,13349862.0
MILTON,2200.0
MINALIND,64252.0
MINDACORP,503866.0
MINDSPACE,688166.0
MINDTECK,17323.0
MIRZAINT,59563.0
MITCON,1432.0
MITTAL,899179.0
MKEXIM,17681.0
MKPL,172888.0
MLKFOOD,3217.0
MMEL,58000.0
MMFL,140309.0
MMP,162115.0
MMTC,943688.0
MMWL,13913.0
MNC,48518.0
MOALPHA50,11371.0
MOBANK10,33464.0
MOBIKWIK,555254.0
MOBILISE,1600.0
MOCAPITAL,614209.0
MODEFENCE,974260.0
MODINATUR,34478.0
MODIRUBBER,1812.0
MODIS,19201.0
MODISONLTD,392989.0
MODTHREAD,4993.0
MOENERGY,142310.0
MOGOLD,64887.0
MOGSEC,826.0
MOHEALTH,50952.0
MOHITE,202176.0
MOHITIND,5796.0
MOIL,2985237.0
MOINFRA,15102.0
MOIPO,5995.0
MOKSH,93250.0
MOL,5062453.0
MOLBIO,1158527.0
MOLDTECH,30564.0
MOLDTKPAC,94897.0
MOLOWVOL,9955.0
MOM100,427791.0
MOM30IETF,735788.0
MOM50,3060.0
MOMENTUM,112504.0
MOMENTUM30,42151.0
MOMENTUM50,437797.0
MOMETAL,75593.0
MOMGF,3301.0
MOMIDMTM,229567.0
MOMMIDCAP,3169649.0
MOMNC,1225.0
MOMOMENTUM,24500.0
MON100,462295.0
MON50EQUAL,11315.0
MONARCH,103311.0
MONEXT50,8720.0
MONEYBOXX,3415.0
MONIFTY100,11031.0
MONIFTY500,381112.0
MONOLITH,47750.0
MONOPHARMA,12000.0
MONQ50,86081.0
MONTECARLO,136923.0
MOOILGAS,4430.0
MOPSE,1470.0
MOQUALITY,840.0
MORARJEE,14858.0
MOREALTY,2147253.0
MOREPENLAB,41094007.0
MOS,304000.0
MOSCHIP,1578513.0
MOSERVICE,3262.0
MOSILVER,74753.0
MOSMALL250,849381.0
MOTHERSON,20098698.0
MOTILALOFS,635723.0
MOTISONS,15042446.0
MOTOGENFIN,12719.0
MOTOUR,15909.0
MOVALUE,71303.0
MPDL,2174.0
MPEL,1600.0
MPHASIS,354361.0
MPSLTD,8315.0
MRF,12796.0
MRPL,5763255.0
MSCI360,1079.0
MSCIADD,1741.0
MSCIINDIA,54001.0
MSL,248.0
MSPL,831053.0
MSTCLTD,730593.0
MSUMI,8620766.0
MTARTECH,102068.0
MTEDUCARE,79631.0
MTNL,757661.0
MUFIN,447793.0
MUFTI,91999.0
MUKANDLTD,88008.0
MUKESHB,2009.0
MUKKA,366161.0
MUKTAARTS,6237.0
MULTICAP,158360.0
MUNISH,15600.0
MUNJALAU,984874.0
MUNJALSHOW,17107.0
MURUDCERA,18276.0
MUTHOOTCAP,5918.0
MUTHOOTFIN,894840.0
MUTHOOTMF,397251.0
MVELECTRO,10367613.0
MVGJL,43786.0
MVKAGRO,887100.0
MWL,188740.0
MYMUDRA,28800.0
MYSORPETRO,3840.0
NACLIND,371469.0
NAGAFERT,682258.0
NAGREEKCAP,9258.0
NAGREEKEXP,4116.0
NAHARCAP,8051.0
NAHARINDUS,31994.0
NAHARPOLY,4684.0
NAHARSPING,54535.0
NAM-INDIA,6320108.0
NAMAN,11200.0
NAMOEWASTE,44800.0
NARMADA,235608.0
NATCAPSUQ,69502.0
NATCOPHARM,412911.0
NATHBIOGEN,12831.0
NATIONALUM,11959002.0
NATIONSTD,31624.0
NAUKRI,2345418.0
NAVA,293604.0
NAVINFLUOR,216396.0
NAVKARCORP,308846.0
NAVKARURB,572504.0
NAVNETEDUL,179507.0
NAZARA,5730211.0
NBCC,5142217.0
NBIFIN,190.0
NCC,1532869.0
NCLIND,56589.0
NDGL,87.0
NDL,1903856.0
NDLVENTURE,4675.0
NDRAUTO,22114.0
NDRINVIT,50000.0
NDTV,93028.0
NEAGI,34.0
NECCLTD,38859.0
NECLIFE,227798.0
NEELAM,12000.0
NELCAST,139927.0
NELCO,162293.0
NEOCHEM,26400.0
NEOGEN,85393.0
NEPHROCARE,12000.0
NEPHROPLUS,247293.0
NEPTUNE,1500.0
NESCO,46705.0
NESTLEIND,2320372.0
NETF,1254.0
NETWEB,1058849.0
NETWORK18,23912433.0
NEUEON,24539.0
NEULANDLAB,41464.0
NEWGEN,2474710.0
NEWJAISA,39000.0
NEXT30ADD,6321.0
NEXT50,44448.0
NEXT50ADD,4484.0
NEXT50BETA,52985.0
NEXT50ETF,15935.0
NEXT50IETF,1273708.0
NEXTMEDIA,1347728.0
NFL,412490.0
NFPSAMPOOR,26000.0
NGIL,81138.0
NGLFINE,18852.0
NH,240562.0
NHPC,16814619.0
NIACL,26274670.0
NIBE,32949.0
NIBL,12737.0
NICCOPAR,1663.0
NIDAN,5000.0
NIF100BEES,30703.0
NIF100IETF,76846.0
NIF500BETA,3875.0
NIFTY1,63255.0
NIFTY100EW,382315.0
NIFTYADD,6941.0
NIFTYAXIS,20553.0
NIFTYBEES,4690050.0
NIFTYBETA,53636.0
NIFTYBETF,1399.0
NIFTYCASE,1517025.0
NIFTYETF,66656.0
NIFTYIETF,866411.0
NIFTYJBLK,146129.0
NIFTYQLITY,57238.0
NIITLTD,1128924.0
NIITMTS,66127.0
NILAINFRA,179658.0
NILASPACES,378591.0
NILE,3192.0
NILKAMAL,49450.0
NIMBSPROJ,187585.0
NINSYS,3014.0
NIPPOBATRY,2206.0
NIRAJ,31120.0
NIRAJISPAT,428.0
NIRLON,13162.0
NIRMAN,11400.0
NITCO,375191.0
NITINSPIN,143546.0
NITIRAJ,6446.0
NITTAGELA,4350.0
NIVABUPA,354517.0
NKIND,1775.0
NLCINDIA,2058793.0
NMDC,16906053.0
NMSTEEL,3200.0
NOCIL,1326791.0
NOIDATOLL,39856.0
NORBTEAEXP,353.0
NORTHARC,25296223.0
NOVAAGRI,61311.0
NOVARTIND,31457.0
NPBET,1046.0
NPST,19622.0
NRAIL,6910.0
NRBBEARING,356380.0
NRL,65909.0
NRVANDANA,129000.0
NSIL,1267.0
NSLNISP,16317011.0
NTCIND,1684.0
NTPC,18400774.0
NTPCGREEN,2180606.0
NUCLEUS,26116.0
NURECA,4270.0
NUVAMA,166778.0
NUVOCO,149999.0
NV20,24908.0
NV20BEES,9049.0
NV20IETF,351046.0
NXST,537034.0
NXT-INFRA,225000.0
NYKAA,7930224.0
OAL,124234.0
OBCL,11302.0
OBEROIRLTY,777602.0
OBSCP,36000.0
OCCLLTD,23940.0
ODIGMA,13178.0
ODYCORP,93697.0
OFSS,487111.0
OIL,4790739.0
OILCOUNTUB,90546.0
OILIETF,1531427.0
OLAELEC,178357536.0
OLECTRA,440298.0
OLIL,29200.0
OMAXAUTO,78494.0
OMAXE,4347484.0
OMFREIGHT,8623.0
OMINFRAL,22374.0
OMNI,515214.0
OMPOWER,160344.0
ONDOOR,1800.0
ONEGLOBAL,9861.0
ONELIFECAP,13947.0
ONEPOINT,385439.0
ONESOURCE,98831.0
ONGC,11732655.0
ONIDA,232475.0
ONIXSOLAR,592882.0
ONMOBILE,19865.0
ONWARDTEC,57308.0
ONYX,50000.0
OPTIEMUS,131536.0
OPTIFIN,6033.0
OPTIMYSTIX,76000.0
OPTIVALUE,27200.0
ORBTEXP,4053.0
ORCHASP,268591.0
ORCHPHARMA,27730.0
ORIANA,53475.0
ORICONENT,8995.0
ORIENTALTL,30073.0
ORIENTBELL,104827.0
ORIENTCEM,119165.0
ORIENTCER,81879.0
ORIENTELEC,151675.0
ORIENTHOT,1691333.0
ORIENTLTD,2049.0
ORIENTPPR,498593.0
ORIENTTECH,132262.0
ORIRAIL,107168.0
ORISSAMINE,9878.0
ORKLAINDIA,217344.0
ORTEL,7481.0
ORTINGLOBE,1215.0
OSELDEVICE,17600.0
OSIAHYPER,565966.0
OSWALAGRO,63130.0
OSWALGREEN,227383.0
OSWALPUMPS,279873.0
OSWALSEEDS,71325.0
OWAIS,40400.0
PACEDIGITK,703237.0
PACIFICI,611.0
PAGEIND,28702.0
PAISALO,5826181.0
PAKKA,71067.0
PALASHSECU,212.0
PALREDTEC,2783.0
PANACEABIO,100764.0
PANACHE,2969.0
PANAMAPET,221006.0
PANCHMAHQ,8.0
PANORAMA,294670.0
PANSARI,1313.0
PAR,325805.0
PARACABLES,5542293.0
PARADEEP,5491423.0
PARAGMILK,3067737.0
PARAGON,22800.0
PARAMOUNT,2400.0
PARAS,786335.0
PARASPETRO,184249.0
PARIN,1000.0
PARKHOSPS,272326.0
PARKHOTELS,118378.0
PARNAXLAB,3620.0
PARSVNATH,553823.0
PARTH,49200.0
PARTYCRUS,1000.0
PASHUPATI,5660.0
PASUPTAC,38527.0
PATANJALI,2180211.0
PATELENG,1834766.0
PATELRMART,34995.0
PATILAUTOM,87000.0
PATINTLOG,53335.0
PAUSHAKLTD,39360.0
PAVNAIND,39901.0
PAYTM,2686950.0
PBMPOLY,391.0
PCBL,779246.0
PCCL,58800.0
PCJEWELLER,353825112.0
PDMJEPAPER,772540.0
PDSL,171218.0
PEARLPOLY,3300.0
PELATRO,8400.0
PENIND,613410.0
PENINLAND,75854.0
PERFECT,21000.0
PERMAGN,4622.0
PERSISTENT,1111705.0
PETRONET,2880149.0
PFC,13232527.0
PFIZER,10457.0
PFOCUS,398686.0
PFS,626341.0
PGEL,986065.0
PGHH,20411.0
PGHL,21082.0
PGIL,267169.0
PGINVIT,1361559.0
PHANTOMFX,18300.0
PHARMABEES,4324336.0
PHOENIXLTD,789449.0
PHOENXINTL,2002.0
PHOGLOBAL,82000.0
PICCADIL,225994.0
PIDILITIND,1907573.0
PIGL,32567.0
PIIND,356031.0
PILANIINVS,509.0
PILITA,395776.0
PINELABS,20261585.0
PIONEEREMB,9166.0
PIONRINV,746.0
PIRAMALFIN,711123.0
PITTIENG,118983.0
PIXTRANS,14512.0
PKTEA,336.0
PLADAINFO,6000.0
PLASTIBLEN,22938.0
PLATIND,137045.0
PLAZACABLE,102490.0
PML,102.0
PNB,18423594.0
PNBGILTS,377028.0
PNBHOUSING,641531.0
PNC,14839.0
PNCINFRA,641351.0
PNGJL,639164.0
PNGSREVA,84702.0
POCL,496408.0
PODDARMENT,3848.0
POEL,24640.0
POKARNA,32302.0
POLICYBZR,1151385.0
POLYCAB,387155.0
POLYMED,283673.0
POLYPLEX,87851.0
POLYSIL,185000.0
POLYSPIN,874.0
PONNIERODE,67168.0
POONAWALLA,1067590.0
POSITRON,5400.0
POWERGRID,11553385.0
POWERICA,76005.0
POWERINDIA,74866.0
POWERMECH,38174.0
PPAP,8054.0
PPL,23731.0
PPLPHARMA,2681993.0
PPSL,45000.0
PRABHA,126997.0
PRADPME,1829.0
PRAENG,111375.0
PRAJIND,760408.0
PRAKASH,249463.0
PRAKASHSTL,46158.0
PRAMARA,11000.0
PRAMODINI,36000.0
PRATHAM,2800.0
PRAVEG,26500.0
PRAXIS,114702.0
PRECAM,176005.0
PRECISION,2000.0
PRECOT,2953.0
PRECWIRE,3000014.0
PREMCO,1074.0
PREMEXPLN,84856.0
PREMIER,11139.0
PREMIERENE,1331386.0
PREMIERPOL,356650.0
PREMIUM,6000.0
PRESSTONIC,32800.0
PRESTIGE,698835.0
PRICOLLTD,796849.0
PRIMECAB,25600.0
PRIMESECU,27671.0
PRIMO,64512.0
PRINCEPIPE,193298.0
PRISMX,92520.0
PRITI,6532.0
PRITIKAUTO,77545.0
PRIVISCL,38039.0
PRIZOR,29200.0
PRLIND,15000.0
PROPSHOP,26000.0
PROSTARM,164277.0
PROTEAN,267912.0
PROZONER,215308.0
PRSMJOHNSN,343283.0
PRUDENT,43144.0
PRUDMOULI,13485.0
PSB,973565.0
PSFL,10000.0
PSPPROJECT,31465.0
PSRAJ,7500.0
PSUBANK,172118.0
PSUBANKADD,15987.0
PSUBNKBEES,1546760.0
PSUBNKIETF,122452.0
PTC,9086084.0
PTCIL,80039.0
PTL,34913.0
PUNJABCHEM,5507.0
PURPLEUTED,16250.0
PURVA,68816.0
PURVFLEXI,36000.0
PUSHPA,2000.0
PVP,6346569.0
PVRINOX,371061.0
PVSL,28175.0
PVTBANIETF,1368111.0
PVTBANK,597.0
PVTBANKADD,81870.0
PVTBKGROWW,23319.0
PWL,9879919.0
PYRAMID,18960.0
QGOLDHALF,143335.0
QLINE,423200.0
QMSMEDI,34735.0
QNIFTY,3551.0
QPOWER,599422.0
QUADFUTURE,186934.0
QUAL30IETF,129355.0
QUALITY30,7554.0
QUESS,1028367.0
QUESTLAB,6000.0
QUICKHEAL,42510.0
QUICKTOUCH,1500.0
QUINT,9637.0
QUINTEGRA,19040.0
QVCEL,27200.0
RACE,375.0
RACLGEAR,24297.0
RADAAN,15478.0
RADHIKAJWE,255931.0
RADIANTCMS,278177.0
RADICO,480565.0
RADIOCITY,53482.0
RADIOWALLA,11200.0
RAILTEL,291537.0
RAIN,3098328.0
RAINBOW,90124.0
RAJESHEXPO,112327.0
RAJINDLTD,4500.0
RAJMET,321476.0
RAJOOENG,352322.0
RAJPALAYAM,1769.0
RAJPUTANA,9500.0
RAJRATAN,73943.0
RAJRILTD,15616.0
RAJSREESUG,107407.0
RAJTV,148975.0
RALLIS,3166067.0
RAMANEWS,10106.0
RAMAPHO,15477.0
RAMASTEEL,1713362.0
RAMBHAJO,1761091.0
RAMCOCEM,134238.0
RAMCOIND,133130.0
RAMCOSYS,131141.0
RAMKY,63691.0
RAMRAT,464912.0
RANASUG,1689217.0
RANEHOLDIN,10581.0
RAPIDFLEET,18000.0
RAPPID,1800.0
RATEGAIN,488881.0
RATNAMANI,102160.0
RATNAVEER,9205781.0
RAYMOND,363188.0
RAYMONDLSL,282505.0
RAYMONDREL,440478.0
RBA,3876506.0
RBLBANK,2117124.0
RBMINFRA,21600.0
RBS,5600.0
RBZJEWEL,146694.0
RCDL,57000.0
RCDL-RE,243000.0
RCF,7252796.0
RCOM,2395111.0
READYMIX,29000.0
RECLTD,8007477.0
REDINGTON,4353084.0
REDTAPE,319986.0
REFEX,275016.0
REFRACTORY,2000.0
REGAAL,675860.0
REGENCERAM,3454.0
RELAXO,312369.0
RELCHEMQ,6937.0
RELIABLE,48930.0
RELIANCE,34871137.0
RELIGARE,5288798.0
RELINFRA,200400.0
RELTD,208758.0
REMSONSIND,770390.0
REMUS,7000.0
RENUKA,49071835.0
REPCOHOME,42944.0
REPL,2161.0
REPRO,31415.0
RESPONIND,49705.0
RETAIL,4928.0
REXPRO,6000.0
RFBL,3000.0
RGL,652607.0
RHETAN,14156310.0
RHFL,359965.0
RHIM,200536.0
RHL,2002.0
RICHA,4000.0
RICOAUTO,686184.0
RIIL,29613.0
RIIT,103624.0
RILINFRA,6600.0
RIR,96898.0
RISHABH,182177.0
RITCO,35224.0
RITES,367130.0
RKDL,21241.0
RKEC,11758.0
RKFORGE,1105931.0
RKSWAMY,72092.0
RMC,32943.0
RMDRIP,522750.0
RML,22065.0
RNBDENIMS,126598.0
RNFI,180000.0
RNPL,12000.0
ROCKINGDCE,1750.0
ROCKPP,10000.0
ROHLTD,21976.0
ROLEXRINGS,1413873.0
ROLLT,325397.0
ROML,2560.0
ROSSARI,101837.0
ROSSELLIND,63801.0
ROSSTECH,171715.0
ROTO,185844.0
ROUTE,117673.0
ROXHITECH,48000.0
RPEL,122182.0
RPGLIFE,22012.0
RPOWER,11431023.0
RPPINFRA,72107.0
RPPL,24357.0
RPSGVENT,30398.0
RPTECH,283619.0
RRECL,509.0
RRIL,33937.0
RRKABEL,644107.0
RSDFIN,2434.0
RSL,631454.0
RSSOFTWARE,119170.0
RSWM,14653.0
RSYSTEMS,171922.0
RTNINDIA,1932127.0
RTNPOWER,126879538.0
RTSPOWR,1040.0
RUBFILA,15682.0
RUBICON,319228.0
RUBYMILLS,4370.0
RUCHINFRA,41555.0
RUCHIRA,14605.0
RUDRA,630678.0
RULKA,12300.0
RUPA,71172.0
RUSHIL,264244.0
RUSTOMJEE,28391.0
RVHL,20317.0
RVNL,3633575.0
RVTH,301.0
S&SPOWER,3498.0
SAAKSHI,93600.0
SAATVIKGL,47268.0
SAB,47.0
SABAR,10000.0
SACHEEROME,57900.0
SADBHAV,854014.0
SADBHIN,129381.0
SADHAV,15000.0
SADHNANIQ,958277.0
SAFARI,18988.0
SAFEENTP,36000.0
SAGARDEEP,6693.0
SAGCEM,44025.0
SAGILITY,64918282.0
SAHAJSOLAR,13600.0
SAHANA,16650.0
SAHASRA,22000.0
SAHLIBHFI,10086.0
SAHYADRI,24463.0
SAICAPI,298.0
SAIFL,404000.0
SAIL,22055932.0
SAILIFE,694617.0
SAIPARENT,49261.0
SAKAR,91765.0
SAKHTISUG,593948.0
SAKSOFT,279505.0
SAKUMA,906773.0
SALASAR,1530241.0
SALONA,1040.0
SALSTEEL,435331.0
SALZERELEC,38933.0
SAMAY,4000.0
SAMBANDAM,596.0
SAMBHAAV,37192.0
SAMBHV,2152304.0
SAMHI,426311.0
SAMMAANCAP,6659948.0
SAMPANN,8955.0
SANATHAN,27871.0
SANDESH,4202.0
SANDHAR,174941.0
SANDUMA,364416.0
SANGAMIND,15394.0
SANGANI,1500.0
SANGHVIMOV,413687.0
SANGINITA,47711.0
SANOFI,65474.0
SANOFICONR,3110.0
SANSERA,292153.0
SANSTAR,326714.0
SANWARIA,1520045.0
SAPPHIRE,1392904.0
SAPPL,412.0
SARDAEN,307887.0
SAREGAMA,710963.0
SARLAPOLY,62251.0
SAROJA,4800.0
SARTELE,160000.0
SARVESHWAR,1409424.0
SASKEN,11695.0
SATECH,5000.0
SATIA,143711.0
SATIN,192731.0
SATIPOLY,3000.0
SATKARTAR,70400.0
SATTVAENGG,83200.0
SAURASHCEM,72981.0
SAWALIYA,33000.0
SAYAJIHOTL,321.0
SAYAJIIND,4170.0
SBC,6715269.0
SBCL,466545.0
SBFC,1305140.0
SBGLP,17199.0
SBIBPB,83572.0
SBICARD,26270918.0
SBIETFCON,3324.0
SBIETFIT,5760.0
SBIETFPB,2698.0
SBIETFQLTY,2541.0
SBIFUNDS,4691405.0
SBILIFE,796284.0
SBILIQETF,27528.0
SBIMIDMOM,94378.0
SBIN,5138732.0
SBINEQWETF,409974.0
SBINMID150,35328.0
SBISILVER,2012180.0
SBISMLETF,44040.0
SBIVALETF,12628.0
SCANSTL,22802.0
SCHAEFFLER,51700.0
SCHAND,29511.0
SCHNEIDER,355115.0
SCI,2271173.0
SCILAL,224016.0
SCML,2000.0
SCODATUBES,89144.0
SCPL,7192.0
SDBL,352408.0
SDREAMS,1000.0
SEAMECLTD,37989.0
SECMARK,111273.0
SECURKLOUD,25332.0
SEDEMAC,782871.0
SEIL,204552.0
SEJALLTD,10759.0
SEKURITIND,21054.0
SEL,5400.0
SELECTIPO,58229.0
SELLOWRAP,1600.0
SELMC,1817.0
SEMAC,2653.0
SENCO,579076.0
SENORES,324239.0
SENSEXADD,1147.0
SENSEXAXIS,3557.0
SENSEXBETA,2264.0
SENSEXETF,17103.0
SENSEXIETF,15715.0
SEPC,15935115.0
SERVICE,44000.0
SERVOTECH,248549.0
SESHAPAPER,28496.0
SETCO,64762.0
SETF10GILT,2180.0
SETFGOLD,5441668.0
SETFNIF50,867183.0
SETFNIFBK,91514.0
SETFNN50,29423.0
SETL,2536650.0
SETUINFRA,104460.0
SEYAIND,5777.0
SFL,136813.0
SGBAPR28I,137.0
SGBAUG27,49.0
SGBAUG28V,1096.0
SGBAUG29V,164.0
SGBAUG30,161.0
SGBD29VIII,223.0
SGBDC27VII,16.0
SGBDE30III,265.0
SGBDE31III,1901.0
SGBFEB28IX,31.0
SGBFEB29XI,105.0
SGBFEB32IV,3124.0
SGBJ28VIII,1.0
SGBJAN27,1.0
SGBJAN29IX,60.0
SGBJAN29X,92.0
SGBJAN30IX,221.0
SGBJU29III,181.0
SGBJUL27,14.0
SGBJUL28IV,230.0
SGBJUL29IV,207.0
SGBJUN27,3.0
SGBJUN28,550.0
SGBJUN29II,199.0
SGBJUN30,320.0
SGBJUN31I,1600.0
SGBMAR28X,4.0
SGBMAR30X,226.0
SGBMAR31IV,283.0
SGBMAY28,174.0
SGBMAY29I,915.0
SGBMR29XII,619.0
SGBN28VIII,120.0
SGBNOV26,27.0
SGBNV29VII,315.0
SGBOC28VII,13.0
SGBOCT26,1.0
SGBSEP28VI,104.0
SGBSEP29VI,317.0
SGBSEP31II,1157.0
SGFIN,278985.0
SGIL,5022.0
SGL,5327.0
SGLRES,54234.0
SGMART,715922.0
SGRL,143393.0
SHADOWFAX,4368759.0
SHAH,4193267.0
SHAHALLOYS,1233591.0
SHAILY,197794.0
SHAKTIPUMP,222429.0
SHALBY,51062.0
SHALPAINTS,45942.0
SHANKARA,33413.0
SHANKESH,4454088.0
SHANTHALA,2400.0
SHANTI,103643.0
SHANTIGEAR,188065.0
SHANTIGOLD,1752486.0
SHARDACROP,113477.0
SHARDAMOTR,23685.0
SHARDUL,10442.0
SHAREINDIA,497729.0
SHARIABEES,5022.0
SHBAJRG,5060.0
SHEEL,4000.0
SHEETAL,11500.0
SHEKHAWATI,17152.0
SHEMAROO,5700.0
SHERA,45000.0
SHETHJI,162000.0
SHIGAN,4500.0
SHILCTECH,15750.0
SHILGRAVQ,13125.0
SHILPAMED,2572207.0
SHINDL,174580.0
SHIPROCKET,55899452.0
SHIVAAGRO,990.0
SHIVACEM,84227.0
SHIVALIK,40579.0
SHIVAMAUTO,223747.0
SHIVAMILLS,1168.0
SHIVASHRIT,3000.0
SHIVATEX,85297.0
SHIVAUM,905.0
SHK,257115.0
SHKSIL,8000.0
SHOPERSTOP,22333.0
SHRADDHA,19969.0
SHRADHA,12956.0
SHREDIGCEM,64609.0
SHREECEM,20510.0
SHREEDHAR,24000.0
SHREEJISPG,1384681.0
SHREEKARNI,6900.0
SHREEOSFM,8000.0
SHREEPUSHK,238347.0
SHREERAMA,55022.0
SHRENIK,620075.0
SHREYANIND,6494.0
SHRIAHIMSA,8400.0
SHRIKANHA,32000.0
SHRIKRISH,1465.0
SHRINGARMS,219837.0
SHRIPISTON,106315.0
SHRIRAMFIN,5859843.0
SHRIRAMPPS,1553689.0
SHRJAGP,6084.0
SHUBHSHREE,2700.0
SHUKRAPHAR,1624555.0
SHYAMCENT,51497.0
SHYAMDHANI,46000.0
SHYAMMETL,482400.0
SHYAMTEL,5438.0
SICAGEN,17574.0
SICALLOG,37697.0
SIDDHICOTS,8400.0
SIDDHIKA,500.0
SIEL,2373.0
SIEMENS,222185.0
SIGACHI,2277888.0
SIGIND,4449.0
SIGMA,178401.0
SIGMAADV,284883.0
SIGNATURE,304138.0
SIGNORIA,6000.0
SIGNPOST,54760.0
SIKA,22965.0
SIKKO,308488.0
SIL,37093.0
SILGO,98442.0
SILINV,3191.0
SILKFLEX,22000.0
SILKY,2400.0
SILLYMONKS,7003.0
SILVER,1196942.0
SILVER001,184325.0
SILVER1,7566622.0
SILVER360,15850.0
SILVERADD,4913522.0
SILVERAG,363309.0
SILVERAXIS,1049189.0
SILVERBEES,28887685.0
SILVERBETA,1329906.0
SILVERBND,56806.0
SILVERCASE,10708909.0
SILVERIETF,4383236.0
SILVERTUC,602062.0
SIMBHALS,49256.0
SIMCA,12600.0
SIMPLEXINF,211640.0
SIMPLXREA,3.0
SINCLAIR,38575.0
SINDHUTRAD,1683690.0
SINGERIND,46618.0
SINTERCOM,1818.0
SIRCA,311961.0
SIS,191449.0
SITINET,899263.0
SIYSIL,32641.0
SJLOGISTIC,20250.0
SJS,79007.0
SJVN,1918159.0
SKFINDIA,47153.0
SKFINDUS,59895.0
SKIL,52463.0
SKIPPER,996742.0
SKMEGGPROD,762059.0
SKP,32000.0
SKYGOLD,847848.0
SKYTECH,27200.0
SLONE,5200.0
SMALL250,455610.0
SMALLADD,327534.0
SMALLCAP,1248421.0
SMALLGROWW,19649.0
SMALLIETF,107260.0
SMARTEN,19200.0
SMARTLINK,17615.0
SMARTWORKS,21633.0
SMCGLOBAL,440367.0
SML100CASE,2284608.0
SMLMAH,35564.0
SMLT,9432.0
SMSPHARMA,460761.0
SNEHAA,10000.0
SNOWMAN,136219.0
SNXT30BEES,3114.0
SNXT50BETA,3837.0
SOBHA,147325.0
SOCL,6400.0
SOFTTECH,5851.0
SOLARA,225921.0
SOLARINDS,100997.0
SOLARWORLD,174966.0
SOLEX,41350.0
SOMANYCERA,155520.0
SOMATEX,9955.0
SOMICONVEY,8810.0
SONACOMS,1604737.0
SONAL,193.0
SONAMAC,5000.0
SONAMLTD,977687.0
SONATSOFTW,1017371.0
SONUINFRA,45000.0
SOTL,181948.0
SOUTHBANK,12044453.0
SOUTHWEST,65549.0
SPAL,263158.0
SPANDANA,59366.0
SPARC,2212493.0
SPCENET,1943272.0
SPCL,12000.0
SPCON,1200.0
SPEB,18000.0
SPECIALITY,28613.0
SPECTRUM,1947.0
SPELS,39129.0
SPENCERS,20176.0
SPIC,271707.0
SPLIL,1601.0
SPLPETRO,1221778.0
SPMLINFRA,177644.0
SPORTKING,338311.0
SPPPOLY,2000.0
SPUNWEB,6000.0
SRD,33814.0
SREEL,13275.0
SRF,311993.0
SRGHFL,901.0
SRHHYPOLTD,39367.0
SRIKPRIND,3520.0
SRIVASAVI,5000.0
SRM,134684.0
SRTL,34978.0
SSDL,14784.0
SSEGL,28600.0
SSFL,4500.0
SSWL,636712.0
STALLION,294058.0
STANLEY,51723.0
STAR,426871.0
STARCEMENT,2762342.0
STARHEALTH,354531.0
STARPAPER,5108.0
STARTECK,138.0
STCINDIA,10845.0
STEELCAS,56252.0
STEELCITY,8464.0
STEELXIND,837907.0
STEL,19646.0
STERTOOLS,10522.0
STLNETWORK,3890428.0
STLSTRINF,2118.0
STLTECH,1785527.0
STOVEKRAFT,794805.0
STUDDS,23747.0
STUDIOLSD,18000.0
STYL,166797.0
STYLAMIND,24111.0
STYLEBAAZA,656876.0
STYRENIX,40863.0
SUBAHOTELS,13200.0
SUBEXLTD,3529283.0
SUBROS,27864.0
SUDARCOLOR,9327.0
SUDARSCHEM,796088.0
SUDEEPPHRM,329218.0
SUKHJITS,5571.0
SULA,250997.0
SUMEDHA,13789.0
SUMEETINDS,1512908.0
SUMICHEM,133240.0
SUMIT,31781.0
SUMMITSEC,4680.0
SUNCLAY,24505.0
SUNDARAM,399498.0
SUNDARMFIN,232053.0
SUNDRMBRAK,542.0
SUNDRMFAST,194540.0
SUNDROP,15620.0
SUNFLAG,137980.0
SUNLITE,49800.0
SUNLOC,4507.0
SUNPHARMA,2413221.0
SUNRAKSHAK,5767.0
SUNSHIEL,3753.0
SUNSHINE,7625144.0
SUNTECH,59200.0
SUNTECK,74196.0
SUNTV,862089.0
SUPERHOUSE,6452.0
SUPERSPIN,93202.0
SUPRAJIT,57697.0
SUPREME,25439.0
SUPREMEENG,213872.0
SUPREMEIND,580445.0
SUPREMEINF,37665.0
SUPREMEPWR,35500.0
SUPRIYA,178015.0
SUPTANERY,90405.0
SURAJEST,160144.0
SURAJLTD,853.0
SURAKSHA,138365.0
SURANASOL,84858.0
SURANAT&P,65334.0
SURANI,3400.0
SURYALA,281.0
SURYALAXMI,13957.0
SURYAROSNI,217239.0
SURYODAY,391182.0
SUTLEJTEX,19342.0
SUVEN,1703616.0
SUVIDHAA,164440.0
SUYOG,18146.0
SUZLON,59911853.0
SVGLOBAL,172.0
SVLL,5765.0
SVPGLOB,55484.0
SWANCORP,755979.0
SWANDEF,6341.0
SWARAJ,82415.0
SWARAJENG,16022.0
SWARNSAR,18810.0
SWASTIK,2400.0
SWELECTES,16197.0
SWIGGY,16143985.0
SWISSMLTRY,98302.0
SWSOLAR,885872.0
SYLVANPLY,4000.0
SYMPHONY,50055.0
SYNCOMF,16267062.0
SYNGENE,493962.0
SYNOPTICS,1800.0
SYRMA,1596920.0
SYSTANGO,27600.0
SYSTMTXC,9344.0
TAALTECH,3895.0
TAC,28000.0
TAINWALCHM,914.0
TAJGVK,50366.0
TAKE,56992.0
TALBROAUTO,170040.0
TAMBOLIIN,4129.0
TANAA,9888.0
TANKUP,24000.0
TANLA,399862.0
TAPIFRUIT,1500.0
TARACHAND,75871.0
TARAPUR,55683.0
TARC,334660.0
TARIL,11756303.0
TARMAT,63133.0
TARSONS,67668.0
TASTYBITE,3378.0
TATACAP,545009.0
TATACHEM,592924.0
TATACOMM,325333.0
TATACONSUM,1686812.0
TATAELXSI,168290.0
TATAGOLD,71879880.0
TATAINVEST,235239.0
TATAPOWER,6003565.0
TATASTEEL,36802869.0
TATATECH,1402484.0
TATSILV,55567507.0
TATVA,32839.0
TAURIAN,25600.0
TBI,71400.0
TBOTEK,454414.0
TBZ,1158968.0
TCC,255986.0
TCI,33254.0
TCIEXP,15736.0
TCIFINANCE,8728.0
TCL,21600.0
TCPLPACK,17193.0
TCS,2905846.0
TDPOWERSYS,3155375.0
TEAMGTY,577.0
TEAMLEASE,16899.0
TEAMTECH,36000.0
TECH,28345.0
TECHD,24900.0
TECHERA,33600.0
TECHLABS,24250.0
TECHM,2975369.0
TECHNOCRAF,972438.0
TECHNOE,219040.0
TECHNVISN,521.0
TECILCHEM,25091.0
TEGA,183472.0
TEJA,1200.0
TEJASCARGO,8400.0
TEJASNET,6707173.0
TEMBO,1303121.0
TEMPSENS,8261866.0
TENNIND,1327955.0
TERAI,276.0
TERASOFT,27513.0
TEXINFRA,72236.0
TEXMOPIPES,15433.0
TEXRAIL,1148942.0
TFCILTD,5282135.0
TFL,5700.0
TGBHOTELS,54811.0
TGL,36200.0
TGVSL,91107.0
THACKER,41.0
THAKDEV,30.0
THANGAMAYL,89821.0
THEINVEST,8082.0
THEJO,3146.0
THELEELA,1539789.0
THEMISMED,131074.0
THERMAX,97468.0
THOMASCOOK,737720.0
THOMASCOTT,25403.0
THYROCARE,647414.0
TI,910070.0
TICL,177787.0
TIGERLOGS,67699.0
TIIL,38183.0
TIINDIA,176869.0
TIJARIA,158657.0
TIL,47273.0
TIMETECHNO,3297926.0
TIMEX,692144.0
TIMKEN,27757.0
TINNARUBR,51692.0
TIPSFILMS,1633.0
TIPSMUSIC,122917.0
TIRUMALCHM,1243093.0
TIRUPATIFL,141489.0
TITAGARH,323671.0
TITAN,630695.0
TMB,776594.0
TMCV,15309357.0
TMPV,9986158.0
TNIDETF,239956.0
TNPETRO,21800591.0
TNPL,57978.0
TNTELE,32755.0
TOKYOPLAST,919.0
TOLINS,43037.0
TOP100CASE,823495.0
TOP10ADD,282511.0
TOP15IETF,95386.0
TOP20,12782.0
TORNTPHARM,650409.0
TORNTPOWER,486515.0
TOTAL,23071.0
TOUCHWOOD,2924.0
TOYAMSL,176790.0
TPHQ,1040886.0
TPLPLASTEH,163895.0
TRACXN,178657.0
TRANSCOR,3997.0
TRANSPEK,15061.0
TRANSRAILL,1425848.0
TRANSTEEL,2010000.0
TRANSWORLD,469.0
TRAVELFOOD,58878.0
TREEHOUSE,12835.0
TREJHARA,24730.0
TREL,56610.0
TRENT,976926.0
TRF,7573.0
TRIDENT,2879797.0
TRIDHYA,6000.0
TRIGYN,76071.0
TRITONV,3097.0
TRITURBINE,359842.0
TRIVENI,1896432.0
TROM,7200.0
TRU,123197.0
TRUALT,308868.0
TRUST,74400.0
TSC,8000.0
TSFINV,46952.0
TTKHLTCARE,100491.0
TTKPRESTIG,73699.0
TTL,245577.0
TTML,3058020.0
TUNWAL,60000.0
TURTLEMINT,1007590.0
TUTIALKA,7747.0
TVSELECT,23319.0
TVSHLTD,7306.0
TVSMOTOR,1510029.0
TVSSCS,493756.0
TVSSRICHAK,81248.0
TVTODAY,78515.0
TVVISION,45391.0
TWCGOLDETF,56939.0
UBL,61021.0
UCAL,19165.0
UCOBANK,4461307.0
UDAYJEW,1149.0
UDS,297152.0
UEL,55208.0
UFBL,53249.0
UFLEX,237317.0
UFO,17996.0
UGARSUGAR,1211476.0
UGROCAP,146124.0
UHTL,10000.0
UJJIVANSFB,8505500.0
ULTRACEMCO,381057.0
ULTRAMAR,465042.0
UMA,8000.0
UMAEXPORTS,8639.0
UMESLTD,22729.0
UMIYA-MRO,67320.0
UNICHEMLAB,321470.0
UNIDT,3272.0
UNIECOM,845771.0
UNIENTER,15001.0
UNIHEALTH,5000.0
UNIINFO,3155.0
UNILEX,1600.0
UNIMECH,317241.0
UNIONBANK,9767401.0
UNIONGOLD,2810.0
UNIPARTS,443265.0
UNITDSPR,1523133.0
UNITECH,3510786.0
UNITEDPOLY,58541.0
UNITEDTEA,1069.0
UNIVAFOODS,541.0
UNIVASTU,41414.0
UNIVCABLES,167932.0
UNIVPHOTO,369.0
UNOMINDA,693607.0
UPHOT,18.0
UPL,2572084.0
URAVIDEF,15974.0
URBAN,140800.0
URBANCO,22948972.0
URJA,595780.0
USASEEDS,856.0
USHAFIN,51200.0
USHAMART,476372.0
USK,5809.0
UTIAMC,228720.0
UTKAL,2000.0
UTKARSHBNK,12189024.0
UTLSOLAR,244300.0
UTSSAV,7800.0
UTTAMSUGAR,553344.0
UYFINCORP,85828.0
V2RETAIL,985755.0
VADILALIND,20143.0
VADILENT,62.0
VAIBHAVGBL,186764.0
VAISHALI,92425.0
VAKRANGEE,1159968.0
VAL30IETF,190570.0
VALIANTLAB,248647.0
VALIANTORG,39574.0
VALUE,37118.0
VALUE360,36000.0
VALUEAXIS,104604.0
VAML,18474216.0
VARDHACRLC,10013.0
VARDMNPOLY,163280.0
VARROC,623239.0
VASCONEQ,320657.0
VASUPRADA,2005.0
VASWANI,15619.0
VBL,7714216.0
VCL,113928.0
VDEAL,10800.0
VEDAVAAG,32690.0
VEDL,16664814.0
VEDPOWER,17247572.0
VEEDOL,6938.0
VEEKAYEM,500.0
VELJAN,214.0
VENKEYS,1282528.0
VENTIVE,22111.0
VENUSPIPES,103085.0
VENUSREM,28895.0
VERANDA,760542.0
VERTIS,50000.0
VERTOZ,86873.0
VESUVIUS,96182.0
VETO,41098.0
VGCL,22867.0
VGINFOTECH,27000.0
VGL,11164.0
VGUARD,1794487.0
VHL,1207.0
VHLTD,38714.0
VIAZ,12000.0
VIDHIING,40625.0
VIDYAWIRES,2561121.0
VIESL,73600.0
VIGOR,1600.0
VIJAYA,336878.0
VIJAYPD,4000.0
VIJIFIN,22666.0
VIJSOLX,31.0
VIKASECO,1331593.0
VIKASLIFE,2420189.0
VIKRAMSOLR,1326868.0
VIKRAN,889544.0
VILAS,26750.0
VILINBIO,68000.0
VIMTALABS,2416378.0
VINATIORGA,54321.0
VINCOFE,10994745.0
VINDHYATEL,60287.0
VINEETLAB,203649.0
VINNY,119659.0
VINSYS,6500.0
VINYAS,8300.0
VINYLINDIA,5214.0
VIPCLOTHNG,72964.0
VIPIND,386585.0
VIPULLTD,11066.0
VIRAT,2877.0
VIRINCHI,78258.0
VIRTUALG,2251800.0
VISACHROME,24122.0
VISAKAIND,294154.0
VISAMAN,1000.0
VISDEM,14400.0
VISHAL,77372.0
VISHNU,91047.0
VISHNUINFR,19000.0
VISHWARAJ,1261474.0
VISHWAS,1600.0
VISL,30932406.0
VITAL,5676.0
VIVIANA,14166.0
VIVIDEL,24480.0
VIVIDHA,342805.0
VIVIMEDLAB,480048.0
VIVOBIOT,9857.0
VIYASH,3318934.0
VLEGOV,100370.0
VLINFRA,3000.0
VLSFINANCE,7548.0
VMARCIND,291000.0
VMART,84716.0
VMM,15208938.0
VMOBILE,3200.0
VMSTMT,86224.0
VOEPL,189872.0
VOGL,41061258.0
VOITHPAPR,1024.0
VOLERCAR,9600.0
VOLTAMP,30404.0
VOLTAS,1330259.0
VPRPL,518385.0
VR,800.0
VRAJ,21648.0
VRLLOG,261050.0
VSSL,88356.0
VSTIND,102871.0
VSTL,22394.0
VSTTILLERS,5798.0
VTL,422933.0
VTMLTD,109109.0
WAAREEENER,951100.0
WAAREEINDO,83046.0
WAAREERTL,86342.0
WABAG,796370.0
WAKEFIT,625100.0
WALCHANNAG,483183.0
WALPAR,2000.0
WANBURY,81070.0
WARDINMOBI,271129.0
WATERBASE,11823.0
WCIL,59890.0
WEALTH,1205.0
WEBELSOLAR,1874235.0
WEIZMANIND,4101.0
WEL,1119920.0
WELCORP,1286940.0
WELENT,336991.0
WELINV,646.0
WELSPLSOL,246905.0
WELSPUNLIV,3865770.0
WENDT,5830.0
WESTLIFE,111770.0
WEWIN,3083.0
WEWORK,1751448.0
WHBRADY,29.0
WHEELS,117709.0
WHIRLPOOL,273026.0
WHITEFORCE,1600.0
WILLAMAGOR,5064.0
WINDLAS,76645.0
WINDMACHIN,36131.0
WINSOL,6800.0
WIPL,43.0
WIPRO,16666567.0
WOCKPHARMA,852543.0
WOMANCART,12400.0
WONDERLA,81829.0
WORTHPERI,8032.0
WPIL,25879.0
WSI,11175.0
WSTCSTPAPR,254827.0
WTICAB,13500.0
XCHANGING,42468.0
XELPMOC,6555.0
XPROINDIA,39344.0
XTGLOBAL,63021.0
XTRANET,3347062.0
YAAP,22000.0
YASHO,25119.0
YASHOPTICS,47200.0
YATHARTH,654071.0
YATRA,795986.0
YESBANK,102020136.0
YOGI,1984.0
YUDIZ,7200.0
YUKEN,12673.0
ZAGGLE,1444296.0
ZEEL,109254600.0
ZEELEARN,357821.0
ZEEMEDIA,5363712.0
ZENITHDRUG,1600.0
ZENITHEXPO,58.0
ZENITHSTL,63572.0
ZENSARTECH,1334200.0
ZENTEC,500169.0
ZFCVINDIA,71018.0
ZFSTEERING,1340.0
ZIMLAB,78786.0
ZODIAC,9639.0
ZODIACLOTH,3485.0
ZOTA,54364.0
ZSARACOM,20.0
ZTECH,5100.0
ZUARI,176030.0
ZUARIIND,96647.0
ZYDUSLIFE,1498294.0
ZYDUSWELL,402088.0
