Symbol,Forecast EPS,Forecast EPS Growth,Forward P/E,Forecast Revenue,Forecast Revenue Growth,EPS Analysts,Revenue Analysts
360ONE,40.93111,0.214,26.141485046459774,42533316670.0,0.1739,9.0,6.0
3MINDIA,777.2,0.12149999,39.62300566134843,66803000000.0,0.118,1.0,1.0
ABB,104.62816,0.33240002,65.94782895924004,173809213920.0,0.19129999,24.0,28.0
ACC,98.20571,0.598,12.585826221306277,290266750000.0,0.106000006,14.0,14.0
ACMESOLAR,24.89404,0.97339994,17.755253867994107,72907376560.0,0.8404,10.0,11.0
AIAENG,152.81,0.101,25.027157908513843,54994500000.0,0.1118,11.0,12.0
APLAPOLLO,63.6504,0.2175,33.239382627603284,315049846940.0,0.16440001,19.0,19.0
AUBANK,61.21441,0.24190001,16.12365454473873,181634725500.0,0.2093,26.0,25.0
AWL,10.5232,0.1634,17.48517561198115,907801480190.0,0.066199996,5.0,4.0
AADHARHFC,36.98525,0.22799999,11.977747885981573,32833752569.0,0.19540001,12.0,12.0
AARTIIND,20.07827,0.3971,24.35468792879068,110707499670.0,0.1446,22.0,22.0
AAVAS,114.91863,0.19680001,11.086105011867962,21460816520.0,0.17989999,13.0,12.0
ABBOTINDIA,904.0402,0.11310001,29.688945248231217,82189970560.0,0.0952,7.0,6.0
ACE,47.1,0.16870001,25.73885350318471,43158000000.0,0.1446,1.0,1.0
ACUTAAS,73.39877,0.33380002,43.54977610660233,23403233040.0,0.31780002,8.0,8.0
ADANIENSOL,36.63237,0.1714,36.552371577378146,469855581720.0,0.1034,8.0,7.0
ADANIENT,65.84,0.5564,44.289185905224784,1559595721310.0,0.0793,4.0,4.0
ADANIGREEN,29.83231,0.74,43.34226883536675,251269470750.0,0.36380002,8.0,10.0
ADANIPORTS,78.17059,0.22309999,22.230867133022787,519534060800.0,0.1583,20.0,24.0
ADANIPOWER,7.93273,0.1863,24.73423399006395,726978957990.0,0.1459,11.0,11.0
ATGL,,,,,,,
ABCAPITAL,25.36906,0.26319999,15.373056786495045,534297616640.0,4.1603,8.0,6.0
ABFRL,-5.69137,-1.918,,104808144540.0,0.1291,12.0,14.0
ABLBL,3.1,0.33810002,25.387096774193548,103079012120.0,0.1058,9.0,10.0
ABREL,58.44455,13.659499,18.829813900526226,38293245450.0,2.3899,11.0,11.0
ABSLAMC,43.4203,0.14039999,22.839547400639795,23087100000.0,0.1998,11.0,10.0
CPPLUS,75.4,0.3545,49.270557029177716,84809000000.0,0.2989,6.0,6.0
AEGISLOG,42.0533,0.0298,33.31724264207565,127698173370.0,0.1981,5.0,5.0
AEGISVOPAK,7.56667,0.876,37.797340177383184,18995133330.0,0.532,3.0,3.0
AFCONS,14.65444,0.681,17.196153520707718,148416200000.0,0.21,9.0,10.0
AFFLE,49.53983,0.2441,31.873343126126997,38969448810.0,0.19620001,12.0,12.0
AJANTPHARM,116.48692,0.16430001,30.741648933631346,71097476920.0,0.1294,13.0,13.0
ALKEM,223.47891,0.1723,23.35790880669679,185727227360.0,0.112399995,19.0,21.0
ABDL,15.6,0.38439998,45.833333333333336,50238907690.0,0.1304,13.0,13.0
ARE&M,58.42511,0.215,13.555815299277999,167407850740.0,0.1266,12.0,12.0
AMBER,188.85994,0.8166,36.863296684304785,226135663020.0,0.5223,24.0,24.0
AMBUJACEM,14.51114,0.41759998,26.531340749245064,492987029000.0,0.134,29.0,39.0
ANANDRATHI,33.655,0.3075,63.11097905214678,17159000000.0,0.2327,2.0,2.0
ANANTRAJ,28.39,0.37150002,21.73300457907714,39177000000.0,0.3114,2.0,2.0
ANGELONE,17.58959,0.2169,15.736580557022648,56070243470.0,0.1548,12.0,5.0
ANTHEM,15.11537,0.185,57.88809668569145,30659345430.0,0.2033,7.0,8.0
ANURAS,39.86667,0.5654,30.100331931410373,43884666670.0,1.1945,3.0,3.0
APARINDS,376.06,0.105299994,46.92868159336276,328738625000.0,0.1458,8.0,8.0
APOLLOHOSP,217.8871,0.2681,40.80094691241473,352426379770.0,0.17879999,28.0,29.0
APOLLOTYRE,33.53295,0.3165,11.928565783803691,347001912250.0,0.0767,22.0,25.0
APTUS,26.13717,0.1915,8.661993628231365,22431059310.0,0.19520001,16.0,14.0
ASAHIINDIA,23.2,0.3182,41.293103448275865,62897000000.0,0.1608,1.0,1.0
ASHOKLEY,8.24613,0.1942,18.24856023370963,529782481090.0,0.0954,27.0,32.0
ASIANPAINT,60.62477,0.1025,39.70324341024304,443565563500.0,0.078,28.0,34.0
ASTERDM,21.11169,0.4111,36.04637999136971,131309802059.0,0.2932,11.0,11.0
ASTRAL,33.67848,0.2543,39.906789142502866,89108434530.0,0.1472,28.0,29.0
ATHERENERG,2.81942,1.2833999,530.960268424002,96199868140.0,0.6016,11.0,11.0
ATUL,310.1479,0.1195,19.603550435131112,79329796940.0,0.0988,12.0,12.0
AUROPHARMA,93.34633,0.1675,18.32959046167107,444547780550.0,0.1089,25.0,27.0
AIIL,,,,,,,
DMART,68.90903,0.19450001,55.58052406194079,941694326540.0,0.19510001,20.0,20.0
AXISBANK,120.71083,0.1681,10.106798205264598,1078175461010.0,0.152,41.0,39.0
BEML,72.45,0.3787,28.102139406487233,64185500000.0,0.2697,2.0,2.0
BLS,21.5,0.09689999,10.070232558139535,36698000000.0,0.097200006,1.0,1.0
BSE,89.32073,0.157,34.10182608225437,73506206640.0,0.1439,18.0,17.0
BAJAJ-AUTO,475.1799,0.1193,21.139362165781844,784166118500.0,0.1362,38.0,37.0
BAJFINANCE,50.4725,0.2173,18.78844915548071,788322952630.0,0.2187,29.0,26.0
BAJAJFINSV,94.9241,0.1852,18.63594176821271,1990433523860.0,0.17889999,5.0,7.0
BAJAJHLDNG,,,,,,,
BAJAJHFL,4.36209,0.21209998,,61348640110.0,0.21120001,17.0,16.0
BALKRISIND,100.80612,0.22049999,20.668387990729133,156737114470.0,0.1743,13.0,11.0
BALRAMCHIN,36.375,0.5093,17.843298969072162,83204500000.0,0.22950001,4.0,4.0
BANDHANBNK,20.22387,0.2811,,174577434320.0,0.1531,24.0,22.0
BANKBARODA,42.82992,0.2697,5.486818560482952,764245155070.0,0.12100001,30.0,32.0
BANKINDIA,25.1925,0.09020001,5.477820779994046,436291259660.0,0.1259,4.0,4.0
MAHABANK,12.5,0.1792,6.776,229233666670.0,0.14930001,1.0,3.0
BATAINDIA,21.30333,0.2346,29.57284142901603,40459213330.0,0.0834,9.0,9.0
BAYERCROP,187.62009,0.113000005,18.94360033619001,66532100399.0,0.10479999,7.0,7.0
BELRISE,9.0497,0.33130002,27.29372244383792,125366725320.0,0.1527,5.0,6.0
BERGEPAINT,12.96642,0.1183,34.890123873821764,145889309440.0,0.084,21.0,21.0
BDL,30.40517,0.38959998,35.78009923970168,56407460490.0,0.3737,16.0,16.0
BEL,11.23963,0.17899999,34.084751900196004,374817069650.0,0.1676,20.0,20.0
BHARATFORG,48.1835,0.38459998,41.61175506137993,226801115380.0,1.2232,23.0,23.0
BHEL,13.98333,0.39650002,29.964250289451797,536504699720.0,0.2218,17.0,17.0
BPCL,39.67382,0.7263,7.576784892405119,5322258516670.0,-0.0346,15.0,16.0
BHARTIARTL,82.18348,0.3125,21.744029335336005,2746932542360.0,0.12640001,31.0,32.0
BHARTIHEXA,63.65094,0.3621,,122036405810.0,0.14479999,12.0,14.0
BIKAJI,13.95455,0.16549999,36.120835139793115,39099818180.0,0.1383,11.0,11.0
GROWW,6.39147,0.28170002,29.2577450883756,78237544590.0,0.24110001,9.0,11.0
BIOCON,10.8806,0.5992,35.01645129864162,222369049890.0,0.1449,16.0,16.0
BSOFT,24.24417,0.08140001,11.126386261109372,58591285710.0,0.0543,12.0,14.0
BLUEDART,184.36667,0.1511,24.390525684496012,75723333330.0,0.106800005,3.0,3.0
BLUEJET,19.49459,0.1525,29.290177428712276,13307876520.0,0.13,5.0,5.0
BLUESTARCO,38.61467,0.377,37.799105883851915,166869035930.0,0.16770001,25.0,25.0
BBTC,,,,,,,
BOSCHLTD,1124.7966,0.105399996,42.763287157873705,295391739480.0,0.0936,5.0,5.0
FIRSTCRY,3.37178,12.5849,53.680845132244684,110922859760.0,0.1376,4.0,7.0
BRIGADE,37.36581,0.2377,16.003935148200988,78478491260.0,0.1274,13.0,14.0
BRITANNIA,130.08315,0.13949999,36.7303528550777,233986243060.0,0.1035,31.0,29.0
MAPMYINDIA,40.32333,0.2258,21.922792586822567,7127301000.0,0.2156,6.0,5.0
CCL,47.48182,0.2534,22.252727464953953,57052363640.0,0.16229999,11.0,11.0
CESC,14.15333,0.1024,9.891665071046884,227184285710.0,0.0806,12.0,7.0
CGPOWER,13.9312,0.374,63.59825427816699,200930004420.0,0.2935,20.0,20.0
CIEINDIA,28.5,0.1168,13.68421052631579,112266800000.0,0.0776,5.0,5.0
CRISIL,150.51949,0.17629999,29.422103409996943,50117746320.0,0.1247,2.0,2.0
CANFINHOME,94.79214,0.1311,7.500621887004555,20802909510.0,0.1362,14.0,11.0
CANBK,23.75626,0.1183,5.261771002674664,758145130500.0,0.1093,20.0,17.0
CANHLIFE,1.9,0.1176,,178981000000.0,0.16399999,2.0,5.0
CAPLIPOINT,110.7,0.1579,23.775067750677508,28340000000.0,0.1303,2.0,2.0
CGCL,19.35,0.2709,13.126614987080103,51517200000.0,0.22659999,4.0,5.0
CARBORUNIV,30.19333,0.28620002,42.327229225792586,62783726120.0,0.6974,6.0,6.0
CARTRADE,79.46235,0.3071,37.71597492397343,11456506540.0,0.21,9.0,10.0
CASTROLIND,11.81896,0.1172,16.840737256069907,69089009040.0,0.0686,5.0,5.0
CEATLTD,237.63333,0.7299,14.076308235044301,205266615060.0,0.1383,16.0,17.0
CEMPRO,57.04,0.3798,20.6679523141655,157692740000.0,0.2586,5.0,5.0
CENTRALBK,,,,,,,
CDSL,29.87624,0.19569999,41.58823198635437,15029138450.0,0.162,16.0,14.0
CHALET,31.5179,0.1426,27.76200191002573,28141100360.0,0.1094,19.0,19.0
CHAMBLFERT,48.83333,-0.0298,8.176792367016544,242185000000.0,0.058000002,3.0,3.0
CHENNPETRO,401.0,0.28120002,3.3576059850374067,983293000000.0,-0.084,1.0,1.0
CHOICEIN,,,,,,,
CHOLAHLDNG,191.0,0.2244,7.170680628272251,229145399980.0,0.2159,2.0,2.0
CHOLAFIN,98.09818,0.20959999,16.10631308348432,257146267990.0,0.2217,29.0,25.0
CIPLA,63.48066,0.2498,22.006702513804992,347370569620.0,0.12100001,35.0,36.0
CUB,19.35574,0.1712,,40617333330.0,0.1778,22.0,18.0
CLEAN,31.84672,0.26709998,25.371529626912913,14832848910.0,0.28,13.0,13.0
COALINDIA,56.67162,0.0248,7.4181750936359325,1886993992510.0,0.045700002,23.0,21.0
COCHINSHIP,44.7,0.2382,30.805369127516776,72014000000.0,0.2,3.0,3.0
COFORGE,71.22954,0.2133,25.635431592005226,285446908950.0,0.1522,30.0,33.0
COHANCE,9.83691,0.84220004,46.55933621431934,29833350720.0,0.2027,8.0,9.0
COLPAL,58.46238,0.1011,29.67720438340006,71384890400.0,0.077199996,24.0,25.0
CAMS,26.12832,0.17559999,25.920151008560826,19348840190.0,0.1364,18.0,19.0
CONCORDBIO,42.53941,0.3025,34.15656211498938,15719796950.0,0.2158,5.0,5.0
CONCOR,23.33,0.2215,19.80282897556794,126953730350.0,0.2753,13.0,13.0
COROMANDEL,96.62222,0.30040002,18.252530318595454,369444111110.0,0.0555,9.0,9.0
CRAFTSMAN,353.83,0.3786,30.39312664273804,115680047750.0,1.094,8.0,8.0
CREDITACC,129.32513,0.1612,10.036719081589169,59751376200.0,0.1899,15.0,14.0
CROMPTON,11.20734,0.2052,18.08636125967446,103578411190.0,0.2748,31.0,31.0
CUMMINSIND,114.69743,0.2029,42.372353068416615,168478816490.0,0.18200001,17.0,18.0
CYIENT,67.61667,0.2851,16.179442140525406,102606000000.0,0.5577,6.0,5.0
DCMSHRIRAM,,,,,,,
DLF,25.42051,0.26950002,26.75005340176102,123237440170.0,0.2485,17.0,21.0
DOMS,52.40083,0.4056,39.69402774727042,33295583330.0,0.1981,12.0,12.0
DABUR,13.12695,0.1083,28.51004993543816,156801388130.0,0.084,35.0,35.0
DALBHARAT,72.55665,0.2158,23.38862116704671,186781165160.0,0.1205,29.0,36.0
DATAPATTNS,82.32662,0.3202,51.639433272008496,14930462580.0,0.2842,9.0,11.0
DEEPAKFERT,124.83333,0.093100004,10.910547687865092,151462333330.0,0.1093,3.0,3.0
DEEPAKNTR,62.04191,-0.067,24.061154790366704,103573684140.0,0.0841,17.0,17.0
DELHIVERY,10.87957,0.7335,38.880213096657315,148056758000.0,0.1724,15.0,19.0
DEVYANI,1.03112,1.4225999,130.92559546900458,72095965980.0,0.1322,18.0,20.0
DIVISLAB,150.47398,0.221,61.465776342195504,149903856110.0,0.19209999,28.0,29.0
DIXON,280.51938,0.5429,45.273164371032045,972189744230.0,0.32569999,27.0,28.0
LALPATHLAB,43.64213,0.1739,45.94413700706175,36443337170.0,0.1409,25.0,25.0
DRREDDY,59.09818,0.3339,20.35595681626744,392794345530.0,0.1159,32.0,36.0
EIDPARRY,74.9,0.4159,9.412550066755674,386908000000.0,0.065799996,1.0,1.0
EIHOTEL,14.85,0.1,19.865319865319865,35432000000.0,0.089499995,2.0,2.0
EICHERMOT,272.59787,0.1817,25.385378102917677,321611974800.0,0.2244,30.0,29.0
ELECON,21.9,0.2882,20.82191780821918,31457000000.0,0.1861,1.0,1.0
ELGIEQUIP,18.3,0.1675,31.94808743169399,50695750000.0,0.1234,3.0,4.0
EMAMILTD,20.04353,0.1204,18.592034437047765,46710271580.0,0.088,17.0,20.0
EMCURE,77.54592,0.23629999,25.3011377000879,119686757150.0,0.1299,8.0,8.0
EMMVEE,28.80864,0.3314,11.177202394837105,118804877280.0,0.52279997,5.0,5.0
ENDURANCE,102.7238,0.28100002,25.32421892492295,199068341360.0,0.1295,15.0,15.0
ENGINERSIN,14.1,0.2077,22.180851063829788,53109000000.0,0.24270001,4.0,4.0
ERIS,57.85556,0.32729998,20.565007062415436,40358412400.0,0.1432,9.0,10.0
ESCORTS,138.9686,0.111999996,20.508229916686215,136785421910.0,0.0794,15.0,16.0
ETERNAL,3.75318,1.2296,89.25764285219468,1426983534680.0,0.4612,28.0,29.0
EXIDEIND,18.51564,0.13229999,22.899559507529847,244400000000.0,0.1694,16.0,16.0
NYKAA,2.93532,0.7626,113.78657182181159,161201644700.0,0.2563,19.0,25.0
FEDERALBNK,24.34569,0.185,13.2261603593901,206189040520.0,0.1775,31.0,32.0
FACT,,,,,,,
FINCABLES,72.7,0.19569999,20.082530949105912,94530000000.0,0.2259,5.0,5.0
FSL,15.93857,0.1902,15.710317801408785,125091963430.0,0.1084,14.0,14.0
FIVESTAR,49.61,0.2133,10.204595847611369,34309000000.0,0.2,10.0,9.0
FORCEMOT,,,,,,,
FORTIS,22.79716,0.3323,36.627369374079926,122637414120.0,0.1532,17.0,20.0
GAIL,18.39317,0.0729,9.405665255091971,1673402335010.0,0.0499,20.0,20.0
GVT&D,80.80428,0.3015,52.63582572606302,105689788260.0,0.3074,14.0,17.0
GMRAIRPORT,1.5435,2.2423,63.23291221250404,194157792500.0,0.1707,5.0,7.0
GABRIEL,39.75,0.3549,34.867924528301884,68246306379.0,0.1328,8.0,8.0
GALLANTT,,,,,,,
GRSE,88.83333,0.1742,23.76472884670652,90771428570.0,0.0764,6.0,7.0
GICRE,57.22441,0.1523,5.889095230514391,624520000000.0,0.096,4.0,1.0
GILLETTE,,,,,,,
GLAND,96.42188,0.2056,30.179872037342562,85836817730.0,0.1456,14.0,14.0
GLAXO,79.175,0.1512,34.99968424376382,47241000000.0,0.109799996,4.0,4.0
GLENMARK,97.66697,0.221,24.399241626928735,187122426930.0,0.114300005,10.0,10.0
MEDANTA,33.61121,0.257,44.5387119356905,61341609390.0,0.15439999,18.0,19.0
GODIGIT,8.82111,0.3198,,117298155000.0,0.1528,9.0,4.0
GPIL,22.5,0.2931,9.585333333333333,95364000000.0,0.2204,1.0,1.0
GODFRYPHLP,,,,,,,
GODREJCP,27.09503,0.16870001,31.00199556892906,191891679020.0,0.0998,33.0,32.0
GODREJIND,,,,,,,
GODREJPROP,110.18201,0.5269,15.410864259964034,149699688400.0,0.7271,15.0,18.0
GRANULES,39.14286,0.2627,20.993611606305723,72513714290.0,0.1507,7.0,7.0
GRAPHITE,51.90333,0.5824,15.779334389527609,39852633330.0,0.1881,3.0,3.0
GRASIM,151.02693,0.2051,21.069090128495628,2259287129140.0,0.1071,6.0,8.0
GRAVITA,76.39582,0.2628,18.490540451035148,86792399080.0,0.33470002,9.0,9.0
GESHIP,201.59332,-0.2628,7.425841292757121,63597666670.0,-0.12979999,3.0,3.0
FLUOROCHEM,111.72936,0.28350002,39.729933116953326,82652543330.0,0.355,14.0,14.0
GMDCLTD,34.3,0.0958,15.685131195335279,47761000000.0,0.1251,1.0,1.0
HEG,30.56667,0.3775,,35982433330.0,0.1884,3.0,3.0
HBLENGINE,,,,,,,
HCLTECH,80.10137,0.094,15.51908537893921,1508629623350.0,0.0586,40.0,38.0
HDBFS,47.32418,0.2034,13.692788760418036,148889056000.0,0.1551,15.0,14.0
HDFCAMC,87.55445,0.1575,26.36188109228029,61916134830.0,0.15890001,17.0,10.0
HDFCBANK,62.6,0.1776,11.52076677316294,3704060000000.0,0.8464,37.0,37.0
HDFCLIFE,11.80491,0.1338,44.89657269729291,1408093500000.0,0.120900005,22.0,21.0
HFCL,5.2,0.5294,40.57692307692307,73740000000.0,0.2685,1.0,1.0
HAVELLS,32.56552,0.2065,31.935617794526237,296897823170.0,0.1389,20.0,22.0
HEROMOTOCO,327.17346,0.12109999,15.795902271535107,580354614300.0,0.0806,30.0,35.0
HEXT,27.91333,0.2049,17.57045827208721,169019608240.0,0.0959,15.0,17.0
HSCL,20.6,0.1075,32.961165048543684,81477000000.0,0.29729998,1.0,1.0
HINDALCO,110.58097,-0.0241,8.826111762267956,3464457193530.0,0.043899998,25.0,29.0
HAL,172.70528,0.1549,26.640760490935776,459026810230.0,0.2183,15.0,15.0
HINDCOPPER,20.7,0.1011,23.91304347826087,56603000000.0,0.1617,1.0,1.0
HINDPETRO,56.86674,9.1118,6.0668151541656865,5195686854620.0,-0.0557,13.0,17.0
HINDUNILVR,53.11793,0.1062,34.564599938288254,760205629520.0,0.0837,21.0,23.0
HINDZINC,44.7516,0.0094,12.402908499360915,502989000000.0,0.0226,12.0,14.0
POWERINDIA,501.71698,0.4628,,162252608500.0,0.37939999,17.0,19.0
HOMEFIRST,78.69794,0.19309999,,17006219650.0,0.2045,23.0,20.0
HONASA,10.56409,0.2065,43.9223823348722,33841682410.0,0.158,15.0,16.0
HONAUT,830.1,0.1121,40.320443320081914,60066666670.0,0.1336,3.0,3.0
HUDCO,24.0,0.26319999,7.25,70472000000.0,0.2511,1.0,1.0
HYUNDAI,91.4,0.2252,23.030634573304155,895921832180.0,0.1769,26.0,27.0
ICICIBANK,94.0,0.16469999,14.106382978723405,1574237122530.0,0.1517,38.0,38.0
ICICIGI,68.64633,0.2456,22.768879268563953,333826955960.0,0.1444,23.0,8.0
ICICIAMC,92.39272,0.19639999,34.4399428872751,80945941020.0,0.2368,15.0,16.0
ICICIPRULI,14.32466,0.2458,32.25207439478494,614675917820.0,0.15529999,23.0,23.0
IDBI,,,,,,,
IDFCFIRSTB,6.76447,0.4122,12.388258060128878,420545993720.0,0.2043,21.0,21.0
IFCI,,,,,,,
IIFL,75.77179,0.20459999,8.103279597855614,110048751010.0,0.18190001,5.0,6.0
IRB,1.41563,0.32939997,12.503267096628356,87942486360.0,0.0922,5.0,5.0
IRCON,7.7,0.1,13.766233766233766,100326000000.0,0.14729999,1.0,1.0
ITCHOTELS,5.86281,0.17940001,27.63180113290385,52856928670.0,0.1296,15.0,15.0
ITC,16.76242,0.1486,15.266292098634924,861836009060.0,0.0867,25.0,18.0
ITI,,,,,,,
INDGN,27.25714,0.2394,22.306082002733962,49968314510.0,0.1246,7.0,8.0
INDIACEM,16.8,0.5849,19.166666666666664,64566000000.0,0.1879,2.0,1.0
INDIAMART,104.03597,0.0766,15.783002744147048,19049933330.0,0.2085,15.0,15.0
INDIANB,109.72143,0.1192,7.564611580436019,463418538460.0,0.1177,14.0,13.0
IEX,6.26667,0.0387,16.91169313207812,6781200000.0,-0.0023,6.0,5.0
INDHOTEL,18.65546,0.1697,38.9162207739718,124611948750.0,1.022,24.0,29.0
IOC,18.83212,0.72220004,6.974254624545723,9288092018670.0,-0.0342,17.0,18.0
IOB,,,,,,,
IRCTC,22.4,0.1371,20.27232142857143,66207333329.0,0.119799994,6.0,7.0
IRFC,7.3,0.058000002,,97726000000.0,0.0637,1.0,1.0
IREDA,9.85,0.20120001,11.472081218274113,46690000000.0,0.1943,2.0,2.0
IGL,13.70041,0.2794,10.422315828504402,207047522430.0,0.0865,26.0,26.0
INDUSTOWER,30.54085,0.0868,12.319565434491837,363242124870.0,0.0531,22.0,23.0
INDUSINDBK,78.89012,0.4103,11.560382973178392,309312325920.0,0.1577,24.0,26.0
NAUKRI,23.58832,0.1993,53.204297720227636,41179348550.0,0.1513,18.0,19.0
INFY,80.04,0.045500003,12.93103448275862,2023889784330.0,0.0377,37.0,46.0
INOXWIND,4.8,0.35849997,15.625,76406750000.0,0.32819998,4.0,4.0
INTELLECT,42.4,0.2771,14.90566037735849,40001500000.0,0.1304,4.0,4.0
INDIGO,232.60178,1.9457,21.21651863541199,1146117475520.0,0.13520001,14.0,17.0
IGIL,17.71,0.15529999,18.633540372670808,17225748560.0,0.45720002,4.0,4.0
IKS,69.02857,0.2841,26.43832836172037,77688600000.0,0.2976,7.0,5.0
IPCALAB,70.30824,0.1723,28.01947538439307,122659764710.0,0.1155,17.0,17.0
JBCHEPHARM,73.70286,0.2644,32.68529877945035,54408333330.0,0.1429,7.0,6.0
JKCEMENT,194.76666,0.28190002,25.425296095337877,178521463000.0,0.17860001,24.0,27.0
JBMA,,,,,,,
JKTYRE,34.24,0.76489997,10.075934579439252,201911600000.0,0.109799996,5.0,5.0
JMFINANCIL,15.0,0.145,8.533333333333333,36594000000.0,0.1472,1.0,1.0
JSWCEMENT,5.7889,0.3566,20.038349254607958,92505681900.0,0.154,16.0,16.0
JSWDULUX,99.15,0.1241,30.4649520927887,45129500000.0,0.1191,2.0,2.0
JSWENERGY,16.89717,0.2731,30.005024510021503,262456799509.0,0.1576,20.0,20.0
JSWINFRA,11.20105,0.5191,32.31839872154843,99781680380.0,0.5327,17.0,17.0
JSWSTEEL,72.85805,0.1893,17.56840870706806,2193229284589.0,0.3499,31.0,35.0
JAINREC,15.4625,0.2774,18.561034761519807,153452250000.0,0.2148,4.0,4.0
JPPOWER,,,,,,,
J&KBANK,25.2,0.115,5.7936507936507935,89415000000.0,0.16309999,1.0,1.0
JINDALSAW,23.3,0.68230003,12.23175965665236,211534500000.0,0.15100001,2.0,2.0
JSL,51.905,0.23709999,14.116173779019363,555187530030.0,0.1248,14.0,15.0
JINDALSTEL,88.0266,0.5394,13.234635894150177,813015203750.0,0.18030001,26.0,29.0
JIOFIN,4.46,0.4481,50.89686098654708,60429666670.0,0.2025,3.0,3.0
JUBLFOOD,8.81561,0.23879999,50.297143362739504,120861301530.0,0.5602,14.0,17.0
JUBLINGREA,29.82765,0.17930001,22.127120306158883,58589699600.0,0.1008,7.0,7.0
JUBLPHARMA,50.55,0.7989,21.246290801186944,106783500000.0,0.1384,2.0,2.0
JWL,9.425,0.625,24.084880636604773,44797975000.0,0.5206,4.0,4.0
JYOTICNC,24.2,0.37759998,43.80165289256198,33003000000.0,0.2666,3.0,3.0
KPRMILL,35.96364,0.1512,29.780077878657444,86222545450.0,0.1333,11.0,11.0
KEI,146.7205,0.1907,30.684192052235375,173524831820.0,0.19700001,15.0,15.0
KPITTECH,30.85773,0.39419997,16.851531204660873,73910505010.0,0.0986,17.0,19.0
KAJARIACER,43.54393,0.0717,28.134805471164405,60710628320.0,0.081999995,24.0,25.0
KPIL,91.78721,0.246,15.111037801454037,353436522570.0,0.3143,12.0,12.0
KALYANKJIL,19.27323,0.2319,29.782242000951577,536676649160.0,0.2996,8.0,10.0
KARURVYSYA,32.93015,0.1185,,64670647060.0,0.1397,19.0,17.0
KAYNES,89.7647,0.51240003,40.60616255610501,70631310980.0,0.39090002,21.0,23.0
KEC,36.6121,0.4083,10.870723066964201,296431613590.0,0.1349,25.0,26.0
KFINTECH,27.81667,0.24239999,31.923303544241637,18531165120.0,0.1689,12.0,17.0
KIRLOSENG,57.05,0.2242,37.51095530236635,104217000000.0,0.1463,4.0,4.0
KOTAKBANK,22.75511,0.1521,17.710307706708516,840650272340.0,0.77970004,31.0,33.0
KIMS,16.90913,0.6348,43.54156600605708,62163552350.0,0.2027,15.0,16.0
LTF,19.49024,0.2465,14.571395734480438,166460456840.0,0.2008,17.0,19.0
LTTS,162.62479,0.1439,20.0941074235976,132494339700.0,0.094799995,29.0,28.0
LGEINDIA,39.87164,0.19229999,,316792778590.0,0.1241,29.0,30.0
LICHSGFIN,108.99666,0.0541,5.211168855999808,98199604370.0,0.08189999,24.0,21.0
LTFOODS,30.25,0.19569999,13.195041322314049,138683000000.0,0.0858,2.0,2.0
LTM,229.87434,0.1129,17.431262662896607,530191378590.0,0.098000005,36.0,36.0
LT,179.96384,0.218,21.55433002540955,3723078974830.0,0.162,24.0,26.0
LATENTVIEW,12.9,0.2124,18.91472868217054,14360800000.0,0.1681,5.0,5.0
LAURUSLABS,29.4093,0.16479999,67.46165328654541,96066281890.0,0.1519,14.0,14.0
THELEELA,18.33381,0.2155,29.78104387467744,21238863940.0,0.1752,14.0,18.0
LEMONTREE,4.93457,0.277,21.481101696804384,17796539410.0,0.1104,20.0,22.0
LENSKART,7.15268,0.4106,95.48868396181571,140546825820.0,0.22299999,22.0,23.0
LICI,58.80714,0.1364,6.954937784765591,11177283777780.0,0.084,8.0,9.0
LINDEINDIA,86.05,0.2188,71.41196978500872,33785000000.0,0.1547,2.0,2.0
LLOYDSME,143.66,0.1919,12.808018933593207,352186833330.0,0.6403,5.0,6.0
LODHA,49.07614,0.1857,23.677493788223767,228158935380.0,0.1612,17.0,18.0
LUPIN,102.16888,0.0651,20.45632681889045,322864240160.0,0.066300005,33.0,35.0
MMTC,,,,,,,
MRF,6695.65,0.28620002,18.54144108488347,378242764870.0,0.09729999,8.0,8.0
MGL,94.11977,0.1918,11.107124464923789,102740773410.0,0.0733,26.0,28.0
M&MFIN,30.48014,0.1076,10.957954917529907,153146575540.0,0.1058,24.0,26.0
M&M,157.53831,0.14930001,19.239764600750128,1842846439210.0,0.103599995,34.0,35.0
MANAPPURAM,30.79658,0.2033,10.030334537146658,92285329120.0,0.47,12.0,10.0
MRPL,51.2,0.1689,3.22265625,1164928500000.0,-0.0642,2.0,2.0
MANKIND,71.00211,0.2321,34.646857677891546,179244267350.0,0.1168,17.0,19.0
MARICO,19.49068,0.1497,40.08839096429678,170329964080.0,0.6342,39.0,40.0
MARUTI,605.86206,0.2784,19.923677016514286,2358752009680.0,0.1104,38.0,40.0
MFSL,11.19464,0.0875,129.61560175226717,689917281230.0,539.683,10.0,15.0
MAXHEALTH,23.38313,0.2482,43.364596613028276,140001841440.0,0.1869,26.0,26.0
MAZDOCK,74.6588,0.069699995,27.645769822177694,147648852250.0,0.0462,13.0,13.0
MEESHO,1.32378,2.4073,163.92451917992418,222501538330.0,0.2601,11.0,18.0
MINDACORP,23.4075,0.2517,29.007796646374025,85627407500.0,0.1408,8.0,8.0
MSUMI,1.47003,0.3136,,155668198060.0,0.1221,15.0,15.0
MOTILALOFS,59.01527,0.1419,16.773624860142128,126238000000.0,0.1718,5.0,4.0
MPHASIS,127.0125,0.12550001,17.716366499360298,201110683160.0,0.096499994,36.0,35.0
MCX,80.94347,0.19450001,39.58318070623856,34990860470.0,0.1883,14.0,13.0
MUTHOOTFIN,319.225,0.1177,8.448899678909859,256454000000.0,0.1428,18.0,14.0
NATCOPHARM,47.36667,0.12020001,17.33919652785387,35893333330.0,0.1104,9.0,9.0
NBCC,2.8,0.12,27.642857142857146,163357000000.0,0.13859999,1.0,1.0
NCC,13.54108,0.2916,9.82196397923947,220172858670.0,0.14899999,10.0,10.0
NHPC,6.4,0.1852,11.875,222414105430.0,0.4156,5.0,5.0
NLCINDIA,27.1,0.1339,9.59409594095941,233762000000.0,0.0762,1.0,1.0
NMDC,10.33785,0.0825,7.220069937172624,339857906610.0,0.0573,12.0,13.0
NSLNISP,,,,,,,
NTPCGREEN,2.72857,1.5986,34.34033211535713,101580714290.0,0.7443,7.0,7.0
NTPC,28.01372,0.081,11.637154936938044,2239314261030.0,0.0668,19.0,18.0
NH,70.08216,0.28129998,24.847978429888578,121129801130.0,0.1028,13.0,13.0
NATIONALUM,38.81488,0.0194,8.628134364965188,219907775200.0,0.0705,11.0,13.0
NAVA,,,,,,,
NAVINFLUOR,201.14093,0.1762,40.45173699853133,50337308050.0,0.201,28.0,28.0
NESTLEIND,24.84409,0.1546,52.63626077670786,300035257860.0,0.117,34.0,36.0
NETWEB,83.4447,0.2449,,49547480550.0,0.19709998,4.0,4.0
NEULANDLAB,490.832,0.32840002,44.414382110375854,29266169800.0,0.19770001,5.0,5.0
NEWGEN,29.2,0.1388,15.628424657534248,19789066670.0,0.1367,5.0,6.0
NAM-INDIA,33.85259,0.1758,30.898669791587587,40399990000.0,0.16620001,22.0,24.0
NIVABUPA,3.35556,0.2857,,121617137500.0,0.23719999,9.0,8.0
NUVAMA,83.94198,0.19219999,20.013823834033936,44494242100.0,0.1741,9.0,8.0
NUVOCO,16.90114,0.24530001,19.821148159236593,138465828200.0,0.0995,19.0,20.0
OBEROIRLTY,106.38564,0.2291,17.389564982642394,92533918780.0,0.20989999,25.0,22.0
ONGC,41.52847,-0.032,5.682848417001638,7615208400890.0,-0.0493,20.0,20.0
OIL,66.1031,0.0739,6.71678030228537,608897500000.0,0.33650002,13.0,12.0
OLAELEC,-2.99074,0.0538,,35345890670.0,0.5261,8.0,8.0
OLECTRA,,,,,,,
PAYTM,38.79428,0.8944,43.12491429148833,133708074150.0,0.2556,15.0,19.0
ONESOURCE,75.5,1.09,21.165562913907284,34019250000.0,0.56060004,4.0,4.0
OFSS,453.35,0.0372,22.984449101135986,101241500000.0,0.059,2.0,2.0
POLICYBZR,32.52154,0.3741,35.85316070518186,103530923730.0,0.1521,18.0,24.0
PCBL,15.6,0.3793,21.794871794871796,106693337770.0,0.11270001,10.0,11.0
PGEL,16.48889,0.5577,31.41509222270268,87624333330.0,0.2889,9.0,9.0
PIIND,106.2,0.1973,21.05461393596987,85780000000.0,0.1489,22.0,24.0
PNBHOUSING,104.88881,0.126,10.420558684954095,48835245290.0,0.2056,13.0,12.0
PTCIL,387.25333,1.6937,56.089898568464214,20299482670.0,0.8782,3.0,3.0
PVRINOX,57.39976,0.36720002,21.93388961905067,81957133400.0,0.107200004,13.0,17.0
PAGEIND,869.1189,0.1514,42.180649851245896,66151324080.0,0.1122,22.0,23.0
PARADEEP,11.45,0.28170002,13.537117903930131,253102750000.0,-0.0218,4.0,4.0
PATANJALI,18.25,0.2022,22.136986301369863,485916500000.0,0.0661,4.0,4.0
PERSISTENT,176.91158,0.22760001,30.33718878097183,213312273530.0,0.15630001,30.0,29.0
PETRONET,28.42372,0.0664,10.044427682231602,561060750190.0,0.3741,25.0,27.0
PFIZER,204.65,0.1573,18.856095773271438,28915000000.0,0.0912,4.0,4.0
PHOENIXLTD,49.88571,0.22479999,39.55040431418136,57164191420.0,0.16610001,20.0,21.0
PWL,2.09555,0.8736,63.94502636539334,61754405120.0,0.2458,7.0,8.0
PIDILITIND,31.70956,0.120900005,46.16904176532251,190475683820.0,0.1042,19.0,21.0
PINELABS,4.53575,1.0152,39.023314777048995,39219095250.0,0.2044,8.0,11.0
PIRAMALFIN,146.70326,0.4248,14.53273771830292,97391711050.0,0.2611,10.0,9.0
PPLPHARMA,4.073,1.8463,51.559047385219735,117203559900.0,0.145,10.0,11.0
POLYMED,48.8,0.17819999,35.22540983606557,28181600000.0,0.1867,6.0,5.0
POLYCAB,253.94337,0.16389999,31.46370783375837,422163592030.0,0.1682,31.0,31.0
POONAWALLA,24.61487,0.48479998,18.72851654304898,89650540130.0,0.3781,9.0,7.0
PFC,90.4,0.0561,3.5176991150442474,539000000000.0,0.097799994,12.0,11.0
POWERGRID,19.35855,0.0785,13.14922863540916,543090364120.0,0.0764,14.0,10.0
PREMIERENE,48.87706,0.0964,18.372627158834838,172332223500.0,0.2859,18.0,18.0
PRESTIGE,56.75692,0.447,25.952782497711294,189827842710.0,0.2735,17.0,20.0
PNB,17.15096,0.069699995,6.821775574078652,694821830830.0,0.1084,17.0,17.0
RRKABEL,78.50935,0.22780001,32.238198380192934,147051899510.0,0.1736,15.0,15.0
RBLBANK,20.5234,0.4107,20.22082111151174,154456763330.0,0.2149,17.0,15.0
RECLTD,66.6034,0.042,4.3203500121615415,261855000000.0,0.095,10.0,8.0
RHIM,17.75,0.2544,21.633802816901408,48895000000.0,0.0975,2.0,2.0
RITES,11.01667,0.1699,19.01482026783048,33253333330.0,0.1758,3.0,3.0
RADICO,79.70316,0.1891,57.149553417957335,78767621050.0,0.1417,19.0,19.0
RVNL,5.5,0.1458,35.81818181818182,265540000000.0,0.1284,1.0,1.0
RAILTEL,14.85,0.1512,17.643097643097644,58989000000.0,0.1701,2.0,2.0
RAINBOW,39.558,0.21,32.35249507052935,24222528190.0,0.17959999,14.0,14.0
RKFORGE,20.03333,0.32669997,35.041603168319995,48750000000.0,0.08,3.0,3.0
REDINGTON,30.58,0.1522,13.0134074558535,1698639200000.0,0.1452,5.0,5.0
RELIANCE,71.40641,0.1165,17.169326955381177,12399489791820.0,0.9836,27.0,25.0
RPOWER,,,,,,,
SBFC,6.12724,0.22799999,14.492659011235075,16507500000.0,0.1855,7.0,7.0
SBICARD,35.68264,0.1917,15.783585519457082,211028867840.0,0.1257,22.0,18.0
SBILIFE,34.6278,0.175,49.71727918031177,1696202698180.0,0.1499,28.0,24.0
SJVN,4.80468,0.5327,12.841646061756453,81283408480.0,0.42790002,2.0,2.0
SRF,90.19112,0.124,27.565906710106272,203174110790.0,0.113000005,26.0,26.0
SAGILITY,2.95766,0.1849,15.147109539297956,98383382060.0,0.1309,11.0,10.0
SAILIFE,24.552,0.2331,64.88269794721408,31643035200.0,0.2048,5.0,7.0
SAMMAANCAP,,,,,,,
MOTHERSON,6.94537,0.3083,23.900814499443516,1703764025670.0,10.778101,21.0,21.0
SAPPHIRE,2.33435,1.0637001,95.95818964593998,39596257890.0,0.1257,11.0,20.0
SARDAEN,,,,,,,
SAREGAMA,15.65,0.19629999,31.82108626198083,13846250000.0,0.1601,4.0,4.0
SCHAEFFLER,100.65018,0.15359999,38.60499802384854,125095999220.0,0.138,5.0,5.0
SCHNEIDER,23.9,0.8038,,49117929000.0,0.35419998,3.0,3.0
SCI,,,,,,,
SHREECEM,689.38055,0.2673,32.37254082668854,259619523930.0,0.0913,22.0,23.0
SHRIRAMFIN,71.7728,0.1565,13.166547772972491,400858714000.0,0.1734,31.0,28.0
SHYAMMETL,67.53877,0.2693,16.064846902009023,284312247970.0,0.23,9.0,9.0
ENRIN,56.29945,0.2029,,121988237830.0,0.2216,15.0,15.0
SIEMENS,67.77003,0.3166,57.17866732536491,240540506710.0,0.2625,20.0,21.0
SIGNATURE,55.10821,0.7314,14.317285936160873,53212137780.0,0.2922,5.0,5.0
SOBHA,72.29341,0.5203,17.11082656081654,74402386270.0,0.2006,17.0,15.0
SOLARINDS,351.10242,0.25059998,55.25453228149211,174839978160.0,0.2359,15.0,15.0
SONACOMS,16.86907,0.2675,47.72047303141193,67681012380.0,0.2001,16.0,17.0
SONATSOFTW,20.98333,0.1844,12.107229882006337,128561428570.0,0.105500005,6.0,7.0
STARHEALTH,28.03434,0.1929,,244964316140.0,0.1733,19.0,13.0
SBIN,105.15994,0.122700006,9.338156716331332,3054057199200.0,0.14,30.0,38.0
SAIL,15.86184,-0.0892,11.663211834188214,1327750257630.0,0.0454,15.0,18.0
SUMICHEM,14.59667,0.155,28.609264989891532,40321111110.0,0.1288,9.0,9.0
SUNPHARMA,64.53729,0.18049999,28.727577498218473,729506607460.0,0.1204,30.0,29.0
SUNTV,44.5,0.0659,13.480898876404494,46827396860.0,0.0917,8.0,10.0
SUNDARMFIN,221.42,0.15359999,20.323367356155725,54313714290.0,0.16299999,5.0,7.0
SUPREMEIND,104.79252,0.1463,32.25421051044483,144504158940.0,0.15359999,28.0,27.0
SPLPETRO,25.1,-0.052800003,31.093625498007967,70020500000.0,0.0757,2.0,2.0
SUZLON,2.11618,0.1928,19.280023438459864,255410005760.0,0.1759,12.0,14.0
SWANCORP,,,,,,,
SWIGGY,-5.61454,0.48080003,,384247229900.0,0.2663,22.0,27.0
SYNGENE,10.65853,0.3943,35.46455280418594,42041713830.0,0.1578,7.0,8.0
SYRMA,31.24518,0.39189997,55.464554852940516,87757737010.0,0.3134,20.0,20.0
TBOTEK,50.17273,0.38099998,33.86301682208642,45705345000.0,0.195,11.0,13.0
TVSMOTOR,115.69424,0.184,34.755403553366186,646054058940.0,0.1325,34.0,37.0
TATACAP,21.3125,0.3049,15.859237536656892,241902957290.0,0.6079,8.0,13.0
TATACHEM,31.09349,0.86300004,20.711730976484144,172109762240.0,0.0757,8.0,9.0
TATACOMM,78.33958,0.40330002,21.29191910398294,294951779460.0,0.0885,10.0,10.0
TCS,162.2207,0.048800003,12.791215917574021,3037636423850.0,0.045100003,38.0,41.0
TATACONSUM,23.90441,0.2033,41.1221193076926,252364698620.0,0.1137,24.0,27.0
TATAELXSI,143.45929,0.1876,21.558729309199844,45855452440.0,0.096999995,14.0,15.0
TATAINVEST,,,,,,,
TMCV,23.4222,0.1509,18.828291108435586,984748473510.0,0.081999995,11.0,13.0
TMPV,47.23927,0.6473,5.914570652764109,4478202769330.0,5.2656,18.0,24.0
TATAPOWER,16.4677,0.1244,22.286050875349925,796044480150.0,0.072399996,21.0,21.0
TATASTEEL,17.9,-0.0298,10.502793296089386,2727176289040.0,0.6752,31.0,36.0
TATATECH,23.52355,0.1856,29.884945086944786,76787973440.0,0.1104,12.0,14.0
TTML,,,,,,,
TECHM,87.63479,0.13430001,17.493052702014804,672653844680.0,0.0557,36.0,37.0
TECHNOE,58.2,0.2125,17.422680412371133,49228000000.0,0.2325,2.0,2.0
TEGA,87.9,0.4798,23.72013651877133,178232500000.0,0.1396,2.0,2.0
TEJASNET,,,,,,,
TENNIND,20.30892,0.19370002,25.21059711693187,71596483150.0,0.1475,6.0,7.0
NIACL,19.34,0.3487,9.152016546018615,524571000000.0,0.05,1.0,1.0
RAMCOCEM,26.22358,1.0566001,32.94744653475994,112143256950.0,0.1106,20.0,22.0
THERMAX,89.41274,0.4685,38.60747361058391,145312193880.0,0.19399999,18.0,20.0
TIMKEN,83.71202,0.2334,37.01738412237574,45247081260.0,0.14739999,8.0,8.0
TITAGARH,34.0,0.59029996,24.176470588235293,67808354519.0,0.4786,5.0,5.0
TITAN,88.93623,0.2013,50.774583091727635,1155026493140.0,0.1681,25.0,27.0
TORNTPHARM,93.15099,0.3814,51.1782000384537,222820230550.0,0.125,26.0,28.0
TORNTPOWER,60.39469,0.1104,20.697183808709013,390628931270.0,0.097399995,9.0,9.0
TARIL,12.83333,0.26639998,21.662343288920333,38144333330.0,0.24299999,3.0,3.0
TRAVELFOOD,42.51323,0.1463,28.579338714089708,20753487470.0,0.1224,4.0,4.0
TRENT,51.00728,0.22950001,50.58101510215796,291748279370.0,0.2033,15.0,16.0
TRIDENT,1.15,0.21049999,20.086956521739133,80425500000.0,0.0967,2.0,2.0
TRITURBINE,15.47248,0.3114,34.25436646226074,28409120110.0,0.1707,9.0,9.0
TIINDIA,74.35,0.5143,31.472763954270345,325883500000.0,0.1757,5.0,5.0
UCOBANK,,,,,,,
UNOMINDA,31.31276,0.27040002,35.480743313588455,275916142020.0,0.1682,18.0,18.0
UPL,47.10682,0.2508,11.67559177206188,612307022890.0,0.0817,16.0,17.0
UTIAMC,57.02227,0.0834,15.853455150066807,21630221560.0,0.6774,13.0,9.0
ULTRACEMCO,432.127,0.2796,25.686892973593412,1121502762190.0,0.1293,34.0,37.0
UNIONBANK,26.7807,0.0519,6.721258219538698,667503754850.0,0.1022,16.0,14.0
UBL,27.12889,0.5739,46.11320256744747,114373094590.0,0.1076,9.0,10.0
UNITDSPR,30.6307,0.1228,43.586989523582545,153177611040.0,0.1229,15.0,14.0
URBANCO,-0.87682,0.6911,,27351211700.0,0.28370002,7.0,9.0
USHAMART,22.775,0.1416,22.74423710208562,46789000000.0,0.0996,4.0,4.0
VTL,43.85,0.0774,12.633979475484606,118769000000.0,0.0542,6.0,6.0
VBL,11.67956,0.1533,36.41404299477035,288524782380.0,0.7585,27.0,27.0
VEDL,32.15244,-0.0292,7.839218423236309,1018782870840.0,0.070700005,8.0,7.0
VIJAYA,27.47,0.2582,54.896250455041866,11906111110.0,0.2044,10.0,9.0
VMM,2.69996,0.2631,38.519089171691434,180335047890.0,0.17889999,16.0,18.0
IDEA,-1.4803,0.15810001,,560100514110.0,0.1396,18.0,21.0
VOLTAS,31.7597,0.4377,35.170357402620304,195912705180.0,0.1706,35.0,35.0
WAAREEENER,163.90878,0.08939999,15.203578478224289,404861238010.0,0.1833,13.0,14.0
WELCORP,110.03875,0.2962,25.736388317751704,287317875000.0,0.3236,8.0,8.0
WELSPUNLIV,9.22,0.4317,24.40347071583514,127073300000.0,0.1596,10.0,10.0
WHIRLPOOL,34.8602,0.3423,26.333755973861308,99020245460.0,0.1029,10.0,10.0
WIPRO,13.90483,0.0434,11.460046616894992,1017163705800.0,0.0294,36.0,39.0
WOCKPHARMA,,,,,,,
YESBANK,1.81836,0.2339,12.373787368837855,223113813030.0,0.1559,12.0,12.0
ZFCVINDIA,66.575,0.3229,35.29853548629365,60080250000.0,0.2878,4.0,4.0
ZEEL,7.96983,0.3123,9.648888370266368,88147727140.0,0.044899996,12.0,12.0
ZENTEC,52.38,0.3712,32.09240168003054,16517000000.0,0.38939998,5.0,5.0
ZENSARTECH,38.10909,0.1336,11.397543210819256,67196909090.0,0.0785,11.0,11.0
ZYDUSLIFE,49.18734,0.21059999,23.292578944094153,350075648210.0,0.1031,27.0,27.0
ZYDUSWELL,16.25,0.2897,32.184615384615384,60885000000.0,0.1439,8.0,9.0
ECLERX,97.957,0.18190001,18.405014445113675,55544200000.0,0.1396,10.0,10.0
